Data As Of,Start Date,End Date,Group,Year,Month,State,Sex,Age Group,COVID-19 Deaths,Total Deaths,Pneumonia Deaths,Pneumonia and COVID-19 Deaths,Influenza Deaths,"Pneumonia, Influenza, or COVID-19 Deaths",Rank
12/08/2021,01/01/2020,01/31/2020,By Month,2020,1,United States,-1,0.5,0,826,17,0,4,21,0
12/08/2021,01/01/2020,01/31/2020,By Month,2020,1,United States,-1,8.5,0,1290,40,0,27,67,2
12/08/2021,01/01/2020,01/31/2020,By Month,2020,1,United States,-1,9.5,0,200,9,0,14,23,3
12/08/2021,01/01/2020,01/31/2020,By Month,2020,1,United States,-1,19.5,0,704,17,0,16,33,4
12/08/2021,01/01/2020,01/31/2020,By Month,2020,1,United States,-1,23.5,0,1192,39,0,28,67,5
12/08/2021,01/01/2020,01/31/2020,By Month,2020,1,United States,-1,29.5,0,1573,75,0,49,124,6
12/08/2021,01/01/2020,01/31/2020,By Month,2020,1,United States,-1,39.5,0,2702,149,0,61,210,7
12/08/2021,01/01/2020,01/31/2020,By Month,2020,1,United States,-1,44.5,0,3692,224,0,68,292,8
12/08/2021,01/01/2020,01/31/2020,By Month,2020,1,United States,-1,59.5,0,13508,917,0,184,1101,9
12/08/2021,01/01/2020,01/31/2020,By Month,2020,1,United States,-1,64.5,0,2156,108,0,63,171,10
12/08/2021,01/01/2020,01/31/2020,By Month,2020,1,United States,-1,85,0,50070,3415,0,266,3681,11
12/08/2021,01/01/2020,01/31/2020,By Month,2020,1,United States,1,0.5,0,952,24,0,4,28,12
12/08/2021,01/01/2020,01/31/2020,By Month,2020,1,United States,1,2.5,0,166,10,0,13,23,13
12/08/2021,01/01/2020,01/31/2020,By Month,2020,1,United States,1,8.5,0,1666,50,0,36,86,14
12/08/2021,01/01/2020,01/31/2020,By Month,2020,1,United States,1,9.5,0,271,12,0,15,27,15
12/08/2021,01/01/2020,01/31/2020,By Month,2020,1,United States,1,19.5,0,1886,40,0,12,52,16
12/08/2021,01/01/2020,01/31/2020,By Month,2020,1,United States,1,23.5,0,3218,75,0,26,101,17
12/08/2021,01/01/2020,01/31/2020,By Month,2020,1,United States,1,29.5,0,3619,103,0,41,144,18
12/08/2021,01/01/2020,01/31/2020,By Month,2020,1,United States,1,39.5,0,4868,174,0,60,234,19
12/08/2021,01/01/2020,01/31/2020,By Month,2020,1,United States,1,44.5,0,6087,261,0,83,344,20
12/08/2021,01/01/2020,01/31/2020,By Month,2020,1,United States,1,49.5,0,8849,423,0,105,528,21
12/08/2021,01/01/2020,01/31/2020,By Month,2020,1,United States,1,64.5,0,4300,138,0,49,187,22
12/08/2021,01/01/2020,01/31/2020,By Month,2020,1,United States,1,69.5,0,30058,2066,0,216,2282,23
12/08/2021,01/01/2020,01/31/2020,By Month,2020,1,United States,1,85,0,31379,2528,0,167,2695,24
12/08/2021,01/01/2020,01/31/2020,By Month,2020,1,United States,-1,2.5,1,148,12,0,5,17,1
12/08/2021,01/01/2020,01/31/2020,By Month,2020,1,United States,-1,49.5,1,5560,356,0,94,451,25
12/08/2021,01/01/2020,01/31/2020,By Month,2020,1,United States,-1,57,1,16891,1141,0,241,1383,26
12/08/2021,01/01/2020,01/31/2020,By Month,2020,1,United States,-1,69.5,1,22486,1604,1,189,1793,27
12/08/2021,01/01/2020,01/31/2020,By Month,2020,1,United States,-1,79.5,1,30921,2184,1,191,2375,28
12/08/2021,01/01/2020,01/31/2020,By Month,2020,1,United States,1,57,1,26094,1429,0,281,1711,29
12/08/2021,01/01/2020,01/31/2020,By Month,2020,1,United States,1,59.5,1,20754,1167,0,225,1393,30
12/08/2021,01/01/2020,01/31/2020,By Month,2020,1,United States,1,79.5,1,33080,2605,1,193,2798,31
12/08/2021,01/01/2021,01/31/2021,By Month,2021,13,United States,-1,2.5,1,135,3,0,0,4,0
12/08/2021,01/01/2021,01/31/2021,By Month,2021,13,United States,1,2.5,4,138,4,1,0,7,1
12/08/2021,01/01/2021,01/31/2021,By Month,2021,13,United States,-1,0.5,5,754,6,0,0,11,2
12/08/2021,01/01/2021,01/31/2021,By Month,2021,13,United States,1,0.5,5,913,9,0,0,14,3
12/08/2021,01/01/2021,01/31/2021,By Month,2021,13,United States,-1,9.5,7,178,4,1,1,11,4
12/08/2021,01/01/2021,01/31/2021,By Month,2021,13,United States,1,9.5,9,256,11,3,1,18,5
12/08/2021,01/01/2021,01/31/2021,By Month,2021,13,United States,-1,8.5,18,1191,18,2,1,35,6
12/08/2021,01/01/2021,01/31/2021,By Month,2021,13,United States,1,8.5,32,1653,28,7,1,54,7
12/08/2021,01/01/2021,01/31/2021,By Month,2021,13,United States,-1,19.5,59,825,44,29,0,74,8
12/08/2021,01/01/2021,01/31/2021,By Month,2021,13,United States,1,19.5,77,2277,55,31,0,101,9
12/08/2021,01/01/2021,01/31/2021,By Month,2021,13,United States,-1,23.5,147,1605,104,76,1,176,10
12/08/2021,01/01/2021,01/31/2021,By Month,2021,13,United States,1,23.5,218,4032,150,99,2,270,11
12/08/2021,01/01/2021,01/31/2021,By Month,2021,13,United States,-1,29.5,253,2105,169,126,1,297,12
12/08/2021,01/01/2021,01/31/2021,By Month,2021,13,United States,-1,64.5,383,2855,280,196,0,467,13
12/08/2021,01/01/2021,01/31/2021,By Month,2021,13,United States,1,29.5,435,4791,282,204,2,514,14
12/08/2021,01/01/2021,01/31/2021,By Month,2021,13,United States,-1,39.5,586,3707,458,316,0,728,15
12/08/2021,01/01/2021,01/31/2021,By Month,2021,13,United States,1,64.5,683,5845,456,339,0,800,16
12/08/2021,01/01/2021,01/31/2021,By Month,2021,13,United States,-1,44.5,998,4946,708,531,2,1176,17
12/08/2021,01/01/2021,01/31/2021,By Month,2021,13,United States,1,39.5,1075,6889,720,543,1,1253,18
12/08/2021,01/01/2021,01/31/2021,By Month,2021,13,United States,-1,49.5,1662,7416,1183,911,4,1937,19
12/08/2021,01/01/2021,01/31/2021,By Month,2021,13,United States,1,44.5,1838,8696,1204,965,1,2078,20
12/08/2021,01/01/2021,01/31/2021,By Month,2021,13,United States,1,49.5,3139,12690,2115,1725,2,3530,21
12/08/2021,01/01/2021,01/31/2021,By Month,2021,13,United States,-1,59.5,4732,17984,3427,2724,8,5441,22
12/08/2021,01/01/2021,01/31/2021,By Month,2021,13,United States,-1,57,5759,22507,4184,3302,10,6649,23
12/08/2021,01/01/2021,01/31/2021,By Month,2021,13,United States,1,59.5,8099,29976,5805,4677,15,9236,24
12/08/2021,01/01/2021,01/31/2021,By Month,2021,13,United States,-1,69.5,9293,31820,6681,5324,16,10661,25
12/08/2021,01/01/2021,01/31/2021,By Month,2021,13,United States,1,57,10072,37704,7163,5774,17,11471,26
12/08/2021,01/01/2021,01/31/2021,By Month,2021,13,United States,-1,79.5,12893,43844,8342,6647,21,14604,27
12/08/2021,01/01/2021,01/31/2021,By Month,2021,13,United States,1,85,13717,44484,8962,6932,11,15751,28
12/08/2021,01/01/2021,01/31/2021,By Month,2021,13,United States,1,69.5,14738,45883,10479,8599,22,16626,29
12/08/2021,01/01/2021,01/31/2021,By Month,2021,13,United States,1,79.5,17169,50266,12036,9823,19,19394,30
12/08/2021,01/01/2021,01/31/2021,By Month,2021,13,United States,-1,85,17390,65922,9292,7036,20,19653,31
12/08/2021,02/01/2020,02/29/2020,By Month,2020,2,United States,-1,0.5,0,761,9,0,4,13,0
12/08/2021,02/01/2020,02/29/2020,By Month,2020,2,United States,-1,2.5,0,146,12,0,12,24,1
12/08/2021,02/01/2020,02/29/2020,By Month,2020,2,United States,-1,8.5,0,1208,36,0,35,71,2
12/08/2021,02/01/2020,02/29/2020,By Month,2020,2,United States,-1,9.5,0,192,12,0,16,28,3
12/08/2021,02/01/2020,02/29/2020,By Month,2020,2,United States,-1,19.5,0,662,21,0,11,32,4
12/08/2021,02/01/2020,02/29/2020,By Month,2020,2,United States,-1,23.5,0,1158,47,0,17,64,5
12/08/2021,02/01/2020,02/29/2020,By Month,2020,2,United States,-1,29.5,0,1539,61,0,31,92,6
12/08/2021,02/01/2020,02/29/2020,By Month,2020,2,United States,-1,44.5,0,3423,169,0,70,239,7
12/08/2021,02/01/2020,02/29/2020,By Month,2020,2,United States,-1,49.5,0,5200,298,0,96,394,8
12/08/2021,02/01/2020,02/29/2020,By Month,2020,2,United States,1,0.5,0,911,23,0,5,28,9
12/08/2021,02/01/2020,02/29/2020,By Month,2020,2,United States,1,2.5,0,175,12,0,15,27,10
12/08/2021,02/01/2020,02/29/2020,By Month,2020,2,United States,1,8.5,0,1626,49,0,41,90,11
12/08/2021,02/01/2020,02/29/2020,By Month,2020,2,United States,1,9.5,0,265,9,0,16,25,12
12/08/2021,02/01/2020,02/29/2020,By Month,2020,2,United States,1,19.5,0,1728,32,0,12,44,13
12/08/2021,02/01/2020,02/29/2020,By Month,2020,2,United States,1,23.5,0,3066,63,0,26,89,14
12/08/2021,02/01/2020,02/29/2020,By Month,2020,2,United States,1,29.5,0,3476,77,0,44,121,15
12/08/2021,02/01/2020,02/29/2020,By Month,2020,2,United States,1,39.5,0,4455,161,0,49,210,16
12/08/2021,02/01/2020,02/29/2020,By Month,2020,2,United States,1,44.5,0,5584,238,0,63,301,17
12/08/2021,02/01/2020,02/29/2020,By Month,2020,2,United States,1,64.5,0,3960,99,0,55,154,18
12/08/2021,02/01/2020,02/29/2020,By Month,2020,2,United States,-1,69.5,1,20599,1350,0,241,1592,19
12/08/2021,02/01/2020,02/29/2020,By Month,2020,2,United States,1,85,1,29232,2247,0,191,2439,20
12/08/2021,02/01/2020,02/29/2020,By Month,2020,2,United States,-1,39.5,2,2462,105,1,46,152,21
12/08/2021,02/01/2020,02/29/2020,By Month,2020,2,United States,-1,57,2,15702,1024,1,262,1287,22
12/08/2021,02/01/2020,02/29/2020,By Month,2020,2,United States,-1,59.5,2,12543,823,1,207,1031,23
12/08/2021,02/01/2020,02/29/2020,By Month,2020,2,United States,-1,64.5,2,2014,65,1,39,105,24
12/08/2021,02/01/2020,02/29/2020,By Month,2020,2,United States,-1,85,2,45668,2931,0,268,3201,25
12/08/2021,02/01/2020,02/29/2020,By Month,2020,2,United States,1,49.5,2,8173,372,2,123,495,26
12/08/2021,02/01/2020,02/29/2020,By Month,2020,2,United States,1,69.5,2,27621,1829,0,250,2081,27
12/08/2021,02/01/2020,02/29/2020,By Month,2020,2,United States,1,79.5,2,30588,2289,1,246,2536,28
12/08/2021,02/01/2020,02/29/2020,By Month,2020,2,United States,-1,79.5,3,29022,1943,2,260,2204,29
12/08/2021,02/01/2020,02/29/2020,By Month,2020,2,United States,1,59.5,3,19418,1116,2,229,1345,30
12/08/2021,02/01/2020,02/29/2020,By Month,2020,2,United States,1,57,5,24365,1353,4,308,1661,31
12/08/2021,02/01/2021,02/28/2021,By Month,2021,14,United States,-1,2.5,1,125,1,0,0,2,0
12/08/2021,02/01/2021,02/28/2021,By Month,2021,14,United States,1,2.5,1,140,4,0,1,6,1
12/08/2021,02/01/2021,02/28/2021,By Month,2021,14,United States,-1,0.5,2,673,6,0,0,8,2
12/08/2021,02/01/2021,02/28/2021,By Month,2021,14,United States,1,9.5,3,235,5,2,0,6,3
12/08/2021,02/01/2021,02/28/2021,By Month,2021,14,United States,-1,9.5,5,196,12,2,0,15,4
12/08/2021,02/01/2021,02/28/2021,By Month,2021,14,United States,1,0.5,5,797,13,2,0,16,5
12/08/2021,02/01/2021,02/28/2021,By Month,2021,14,United States,-1,8.5,11,1116,22,2,0,31,6
12/08/2021,02/01/2021,02/28/2021,By Month,2021,14,United States,1,8.5,13,1436,25,4,1,35,7
12/08/2021,02/01/2021,02/28/2021,By Month,2021,14,United States,-1,19.5,31,789,27,13,0,45,8
12/08/2021,02/01/2021,02/28/2021,By Month,2021,14,United States,1,19.5,51,1877,49,24,0,76,9
12/08/2021,02/01/2021,02/28/2021,By Month,2021,14,United States,-1,23.5,65,1348,60,32,0,93,10
12/08/2021,02/01/2021,02/28/2021,By Month,2021,14,United States,-1,29.5,107,1700,88,47,1,149,11
12/08/2021,02/01/2021,02/28/2021,By Month,2021,14,United States,1,23.5,122,3429,107,61,0,168,12
12/08/2021,02/01/2021,02/28/2021,By Month,2021,14,United States,-1,64.5,193,2384,152,91,2,256,13
12/08/2021,02/01/2021,02/28/2021,By Month,2021,14,United States,1,29.5,205,4062,163,103,0,265,14
12/08/2021,02/01/2021,02/28/2021,By Month,2021,14,United States,1,64.5,312,4834,246,152,0,406,15
12/08/2021,02/01/2021,02/28/2021,By Month,2021,14,United States,-1,39.5,325,3058,265,173,1,418,16
12/08/2021,02/01/2021,02/28/2021,By Month,2021,14,United States,1,39.5,478,5601,364,246,0,596,17
12/08/2021,02/01/2021,02/28/2021,By Month,2021,14,United States,-1,44.5,546,4153,442,296,1,693,18
12/08/2021,02/01/2021,02/28/2021,By Month,2021,14,United States,-1,49.5,873,6076,722,483,3,1113,19
12/08/2021,02/01/2021,02/28/2021,By Month,2021,14,United States,1,44.5,905,6884,680,497,2,1089,20
12/08/2021,02/01/2021,02/28/2021,By Month,2021,14,United States,1,49.5,1681,10116,1290,944,3,2029,21
12/08/2021,02/01/2021,02/28/2021,By Month,2021,14,United States,-1,59.5,2529,14435,2169,1564,5,3139,22
12/08/2021,02/01/2021,02/28/2021,By Month,2021,14,United States,-1,57,3058,18051,2614,1861,7,3816,23
12/08/2021,02/01/2021,02/28/2021,By Month,2021,14,United States,1,59.5,4308,23387,3404,2510,10,5205,24
12/08/2021,02/01/2021,02/28/2021,By Month,2021,14,United States,-1,69.5,4615,24565,3708,2635,8,5691,25
12/08/2021,02/01/2021,02/28/2021,By Month,2021,14,United States,1,57,5380,29632,4234,3117,11,6501,26
12/08/2021,02/01/2021,02/28/2021,By Month,2021,14,United States,1,85,5606,32085,4648,2968,4,7289,27
12/08/2021,02/01/2021,02/28/2021,By Month,2021,14,United States,-1,79.5,5643,32729,4390,3010,10,7031,28
12/08/2021,02/01/2021,02/28/2021,By Month,2021,14,United States,-1,85,6718,47672,4545,2686,12,8584,29
12/08/2021,02/01/2021,02/28/2021,By Month,2021,14,United States,1,69.5,7397,35304,5945,4351,19,9003,30
12/08/2021,02/01/2021,02/28/2021,By Month,2021,14,United States,1,79.5,7860,36745,6416,4499,13,9787,31
12/08/2021,03/01/2020,03/31/2020,By Month,2020,3,United States,-1,2.5,0,130,8,0,5,13,0
12/08/2021,03/01/2020,03/31/2020,By Month,2020,3,United States,-1,9.5,0,182,8,0,8,16,1
12/08/2021,03/01/2020,03/31/2020,By Month,2020,3,United States,-1,0.5,1,723,13,0,2,16,2
12/08/2021,03/01/2020,03/31/2020,By Month,2020,3,United States,-1,8.5,1,1132,31,0,17,49,3
12/08/2021,03/01/2020,03/31/2020,By Month,2020,3,United States,1,2.5,1,197,14,1,8,22,4
12/08/2021,03/01/2020,03/31/2020,By Month,2020,3,United States,-1,19.5,2,674,24,0,10,36,5
12/08/2021,03/01/2020,03/31/2020,By Month,2020,3,United States,1,0.5,2,930,15,2,1,16,6
12/08/2021,03/01/2020,03/31/2020,By Month,2020,3,United States,1,9.5,2,252,9,0,4,15,7
12/08/2021,03/01/2020,03/31/2020,By Month,2020,3,United States,1,8.5,6,1648,44,3,16,63,8
12/08/2021,03/01/2020,03/31/2020,By Month,2020,3,United States,-1,23.5,11,1342,61,6,17,83,9
12/08/2021,03/01/2020,03/31/2020,By Month,2020,3,United States,1,19.5,11,1962,40,5,10,55,10
12/08/2021,03/01/2020,03/31/2020,By Month,2020,3,United States,-1,29.5,31,1746,80,11,24,124,11
12/08/2021,03/01/2020,03/31/2020,By Month,2020,3,United States,1,23.5,36,3455,87,15,12,119,12
12/08/2021,03/01/2020,03/31/2020,By Month,2020,3,United States,-1,64.5,42,2232,86,9,42,159,13
12/08/2021,03/01/2020,03/31/2020,By Month,2020,3,United States,-1,39.5,65,2819,145,24,47,229,14
12/08/2021,03/01/2020,03/31/2020,By Month,2020,3,United States,1,29.5,70,3777,136,34,13,185,15
12/08/2021,03/01/2020,03/31/2020,By Month,2020,3,United States,-1,44.5,96,3725,237,41,50,338,16
12/08/2021,03/01/2020,03/31/2020,By Month,2020,3,United States,1,64.5,123,4511,202,52,28,301,17
12/08/2021,03/01/2020,03/31/2020,By Month,2020,3,United States,-1,49.5,148,5544,403,63,75,556,18
12/08/2021,03/01/2020,03/31/2020,By Month,2020,3,United States,1,39.5,172,5196,277,61,40,424,19
12/08/2021,03/01/2020,03/31/2020,By Month,2020,3,United States,1,44.5,252,6353,377,99,70,592,20
12/08/2021,03/01/2020,03/31/2020,By Month,2020,3,United States,-1,59.5,321,13708,1147,132,182,1509,21
12/08/2021,03/01/2020,03/31/2020,By Month,2020,3,United States,1,49.5,377,9114,600,160,121,928,22
12/08/2021,03/01/2020,03/31/2020,By Month,2020,3,United States,-1,57,418,17095,1413,174,227,1870,23
12/08/2021,03/01/2020,03/31/2020,By Month,2020,3,United States,-1,69.5,583,22368,1971,279,225,2489,24
12/08/2021,03/01/2020,03/31/2020,By Month,2020,3,United States,1,59.5,720,21425,1706,325,253,2331,25
12/08/2021,03/01/2020,03/31/2020,By Month,2020,3,United States,-1,79.5,769,31686,2733,388,293,3398,26
12/08/2021,03/01/2020,03/31/2020,By Month,2020,3,United States,1,85,851,32047,3171,424,208,3801,27
12/08/2021,03/01/2020,03/31/2020,By Month,2020,3,United States,-1,85,871,49827,3840,431,329,4603,28
12/08/2021,03/01/2020,03/31/2020,By Month,2020,3,United States,1,57,938,26886,2087,419,324,2901,29
12/08/2021,03/01/2020,03/31/2020,By Month,2020,3,United States,1,69.5,1048,30953,2717,448,312,3603,30
12/08/2021,03/01/2020,03/31/2020,By Month,2020,3,United States,1,79.5,1116,34455,3410,547,267,4233,31
12/08/2021,03/01/2021,03/31/2021,By Month,2021,15,United States,-1,2.5,0,112,3,0,1,4,0
12/08/2021,03/01/2021,03/31/2021,By Month,2021,15,United States,1,2.5,1,152,2,0,0,3,1
12/08/2021,03/01/2021,03/31/2021,By Month,2021,15,United States,1,0.5,2,897,9,0,0,11,2
12/08/2021,03/01/2021,03/31/2021,By Month,2021,15,United States,-1,9.5,3,203,3,2,0,4,3
12/08/2021,03/01/2021,03/31/2021,By Month,2021,15,United States,1,9.5,4,291,6,0,0,10,4
12/08/2021,03/01/2021,03/31/2021,By Month,2021,15,United States,-1,0.5,6,750,10,0,0,16,5
12/08/2021,03/01/2021,03/31/2021,By Month,2021,15,United States,1,8.5,11,1673,24,1,0,34,6
12/08/2021,03/01/2021,03/31/2021,By Month,2021,15,United States,-1,8.5,14,1209,18,3,1,30,7
12/08/2021,03/01/2021,03/31/2021,By Month,2021,15,United States,-1,19.5,18,850,23,8,0,33,8
12/08/2021,03/01/2021,03/31/2021,By Month,2021,15,United States,1,19.5,29,2258,40,14,0,55,9
12/08/2021,03/01/2021,03/31/2021,By Month,2021,15,United States,-1,23.5,50,1497,58,26,0,82,10
12/08/2021,03/01/2021,03/31/2021,By Month,2021,15,United States,1,23.5,69,3943,91,32,0,128,11
12/08/2021,03/01/2021,03/31/2021,By Month,2021,15,United States,-1,29.5,96,1910,98,53,0,141,12
12/08/2021,03/01/2021,03/31/2021,By Month,2021,15,United States,1,29.5,117,4439,139,57,0,199,13
12/08/2021,03/01/2021,03/31/2021,By Month,2021,15,United States,-1,64.5,154,2579,153,79,1,229,14
12/08/2021,03/01/2021,03/31/2021,By Month,2021,15,United States,1,64.5,191,5182,181,88,0,284,15
12/08/2021,03/01/2021,03/31/2021,By Month,2021,15,United States,-1,39.5,244,3331,232,120,1,357,16
12/08/2021,03/01/2021,03/31/2021,By Month,2021,15,United States,1,39.5,330,5987,274,153,0,451,17
12/08/2021,03/01/2021,03/31/2021,By Month,2021,15,United States,-1,44.5,387,4254,335,183,0,539,18
12/08/2021,03/01/2021,03/31/2021,By Month,2021,15,United States,1,44.5,576,7392,500,298,2,780,19
12/08/2021,03/01/2021,03/31/2021,By Month,2021,15,United States,-1,49.5,590,6085,539,305,4,827,20
12/08/2021,03/01/2021,03/31/2021,By Month,2021,15,United States,1,49.5,965,10310,829,504,7,1296,21
12/08/2021,03/01/2021,03/31/2021,By Month,2021,15,United States,-1,59.5,1446,14053,1498,840,6,2108,22
12/08/2021,03/01/2021,03/31/2021,By Month,2021,15,United States,-1,57,1798,17755,1842,1037,10,2610,23
12/08/2021,03/01/2021,03/31/2021,By Month,2021,15,United States,1,85,2245,29677,2835,1137,4,3946,24
12/08/2021,03/01/2021,03/31/2021,By Month,2021,15,United States,1,59.5,2381,22598,2268,1340,7,3312,25
12/08/2021,03/01/2021,03/31/2021,By Month,2021,15,United States,-1,69.5,2449,23657,2556,1363,6,3645,26
12/08/2021,03/01/2021,03/31/2021,By Month,2021,15,United States,-1,79.5,2595,31567,2844,1321,12,4127,27
12/08/2021,03/01/2021,03/31/2021,By Month,2021,15,United States,-1,85,2708,45118,2908,1132,5,4489,28
12/08/2021,03/01/2021,03/31/2021,By Month,2021,15,United States,1,57,2982,28742,2771,1649,12,4111,29
12/08/2021,03/01/2021,03/31/2021,By Month,2021,15,United States,1,79.5,3356,33891,3738,1865,6,5235,30
12/08/2021,03/01/2021,03/31/2021,By Month,2021,15,United States,1,69.5,3566,32539,3765,2055,9,5285,31
12/08/2021,04/01/2020,04/30/2020,By Month,2020,4,United States,1,2.5,0,142,1,0,1,2,0
12/08/2021,04/01/2020,04/30/2020,By Month,2020,4,United States,-1,2.5,1,108,1,1,0,1,1
12/08/2021,04/01/2020,04/30/2020,By Month,2020,4,United States,-1,0.5,2,678,6,0,0,8,2
12/08/2021,04/01/2020,04/30/2020,By Month,2020,4,United States,-1,9.5,2,160,9,0,0,11,3
12/08/2021,04/01/2020,04/30/2020,By Month,2020,4,United States,1,0.5,2,891,14,0,0,16,4
12/08/2021,04/01/2020,04/30/2020,By Month,2020,4,United States,1,9.5,3,253,6,0,1,10,5
12/08/2021,04/01/2020,04/30/2020,By Month,2020,4,United States,1,8.5,7,1563,23,0,2,32,6
12/08/2021,04/01/2020,04/30/2020,By Month,2020,4,United States,-1,8.5,10,1072,19,2,0,27,7
12/08/2021,04/01/2020,04/30/2020,By Month,2020,4,United States,-1,19.5,28,746,32,8,3,54,8
12/08/2021,04/01/2020,04/30/2020,By Month,2020,4,United States,1,19.5,55,2071,43,15,2,83,9
12/08/2021,04/01/2020,04/30/2020,By Month,2020,4,United States,-1,23.5,76,1418,75,28,4,125,10
12/08/2021,04/01/2020,04/30/2020,By Month,2020,4,United States,-1,29.5,137,1804,116,54,6,201,11
12/08/2021,04/01/2020,04/30/2020,By Month,2020,4,United States,1,23.5,155,3776,124,53,8,228,12
12/08/2021,04/01/2020,04/30/2020,By Month,2020,4,United States,-1,64.5,197,2352,155,72,7,284,13
12/08/2021,04/01/2020,04/30/2020,By Month,2020,4,United States,1,29.5,296,4321,215,126,12,388,14
12/08/2021,04/01/2020,04/30/2020,By Month,2020,4,United States,-1,39.5,311,3019,254,129,8,441,15
12/08/2021,04/01/2020,04/30/2020,By Month,2020,4,United States,1,64.5,520,5051,358,232,17,653,16
12/08/2021,04/01/2020,04/30/2020,By Month,2020,4,United States,-1,44.5,558,4152,447,238,21,775,17
12/08/2021,04/01/2020,04/30/2020,By Month,2020,4,United States,1,39.5,804,6005,536,332,29,1018,18
12/08/2021,04/01/2020,04/30/2020,By Month,2020,4,United States,-1,49.5,927,6280,729,388,38,1283,19
12/08/2021,04/01/2020,04/30/2020,By Month,2020,4,United States,1,44.5,1346,7739,810,545,46,1619,20
12/08/2021,04/01/2020,04/30/2020,By Month,2020,4,United States,1,49.5,2258,11086,1397,966,77,2703,21
12/08/2021,04/01/2020,04/30/2020,By Month,2020,4,United States,-1,59.5,2671,15259,2145,1240,86,3603,22
12/08/2021,04/01/2020,04/30/2020,By Month,2020,4,United States,-1,57,3238,19060,2596,1480,109,4391,23
12/08/2021,04/01/2020,04/30/2020,By Month,2020,4,United States,-1,69.5,5079,25869,3783,2259,114,6648,24
12/08/2021,04/01/2020,04/30/2020,By Month,2020,4,United States,1,59.5,5285,25495,3689,2309,165,6710,25
12/08/2021,04/01/2020,04/30/2020,By Month,2020,4,United States,1,57,6675,32135,4586,2918,214,8398,26
12/08/2021,04/01/2020,04/30/2020,By Month,2020,4,United States,-1,79.5,7865,37500,5607,3434,124,10091,27
12/08/2021,04/01/2020,04/30/2020,By Month,2020,4,United States,1,85,8579,38957,6304,3788,113,11132,28
12/08/2021,04/01/2020,04/30/2020,By Month,2020,4,United States,1,69.5,8730,37606,6231,3921,172,11095,29
12/08/2021,04/01/2020,04/30/2020,By Month,2020,4,United States,1,79.5,9844,41538,7230,4480,153,12649,30
12/08/2021,04/01/2020,04/30/2020,By Month,2020,4,United States,-1,85,12602,62507,8060,4922,134,15796,31
12/08/2021,04/01/2021,04/30/2021,By Month,2021,16,United States,-1,2.5,3,143,3,1,0,5,0
12/08/2021,04/01/2021,04/30/2021,By Month,2021,16,United States,1,0.5,3,845,9,0,0,12,1
12/08/2021,04/01/2021,04/30/2021,By Month,2021,16,United States,1,2.5,3,171,3,0,1,7,2
12/08/2021,04/01/2021,04/30/2021,By Month,2021,16,United States,-1,0.5,4,795,9,0,0,13,3
12/08/2021,04/01/2021,04/30/2021,By Month,2021,16,United States,-1,9.5,5,184,5,1,0,9,4
12/08/2021,04/01/2021,04/30/2021,By Month,2021,16,United States,1,9.5,5,269,8,3,0,10,5
12/08/2021,04/01/2021,04/30/2021,By Month,2021,16,United States,1,8.5,12,1630,24,4,1,33,6
12/08/2021,04/01/2021,04/30/2021,By Month,2021,16,United States,-1,8.5,14,1263,20,3,0,31,7
12/08/2021,04/01/2021,04/30/2021,By Month,2021,16,United States,-1,19.5,24,815,26,12,0,38,8
12/08/2021,04/01/2021,04/30/2021,By Month,2021,16,United States,1,19.5,27,2344,33,11,0,49,9
12/08/2021,04/01/2021,04/30/2021,By Month,2021,16,United States,-1,23.5,59,1427,52,25,0,86,10
12/08/2021,04/01/2021,04/30/2021,By Month,2021,16,United States,1,23.5,79,4025,79,39,0,119,11
12/08/2021,04/01/2021,04/30/2021,By Month,2021,16,United States,-1,29.5,108,1863,92,46,0,154,12
12/08/2021,04/01/2021,04/30/2021,By Month,2021,16,United States,-1,64.5,150,2499,131,70,0,211,13
12/08/2021,04/01/2021,04/30/2021,By Month,2021,16,United States,1,29.5,155,4545,144,76,0,223,14
12/08/2021,04/01/2021,04/30/2021,By Month,2021,16,United States,-1,39.5,229,3239,209,125,0,313,15
12/08/2021,04/01/2021,04/30/2021,By Month,2021,16,United States,1,64.5,239,5337,225,120,1,344,16
12/08/2021,04/01/2021,04/30/2021,By Month,2021,16,United States,1,39.5,364,6097,322,188,1,498,17
12/08/2021,04/01/2021,04/30/2021,By Month,2021,16,United States,-1,44.5,380,4163,337,201,0,516,18
12/08/2021,04/01/2021,04/30/2021,By Month,2021,16,United States,-1,49.5,589,5892,548,313,1,825,19
12/08/2021,04/01/2021,04/30/2021,By Month,2021,16,United States,1,44.5,611,7360,500,316,2,796,20
12/08/2021,04/01/2021,04/30/2021,By Month,2021,16,United States,1,49.5,1013,10095,873,556,4,1333,21
12/08/2021,04/01/2021,04/30/2021,By Month,2021,16,United States,-1,59.5,1358,13632,1344,750,4,1954,22
12/08/2021,04/01/2021,04/30/2021,By Month,2021,16,United States,1,85,1635,27359,2289,799,5,3130,23
12/08/2021,04/01/2021,04/30/2021,By Month,2021,16,United States,-1,57,1717,17211,1696,949,5,2467,24
12/08/2021,04/01/2021,04/30/2021,By Month,2021,16,United States,-1,79.5,1940,29045,2313,966,5,3292,25
12/08/2021,04/01/2021,04/30/2021,By Month,2021,16,United States,-1,85,1978,42026,2571,845,3,3706,26
12/08/2021,04/01/2021,04/30/2021,By Month,2021,16,United States,-1,69.5,2069,22596,2296,1180,3,3186,27
12/08/2021,04/01/2021,04/30/2021,By Month,2021,16,United States,1,59.5,2132,22100,2032,1133,9,3038,28
12/08/2021,04/01/2021,04/30/2021,By Month,2021,16,United States,1,79.5,2469,31722,3138,1377,5,4235,29
12/08/2021,04/01/2021,04/30/2021,By Month,2021,16,United States,1,69.5,2570,30890,3031,1507,6,4098,30
12/08/2021,04/01/2021,04/30/2021,By Month,2021,16,United States,1,57,2761,28114,2596,1488,11,3878,31
12/08/2021,05/01/2020,05/31/2020,By Month,2020,5,United States,-1,9.5,1,156,4,0,0,5,0
12/08/2021,05/01/2020,05/31/2020,By Month,2020,5,United States,1,0.5,1,969,4,0,0,5,1
12/08/2021,05/01/2020,05/31/2020,By Month,2020,5,United States,-1,0.5,2,729,10,0,1,13,2
12/08/2021,05/01/2020,05/31/2020,By Month,2020,5,United States,-1,2.5,2,130,5,0,0,7,3
12/08/2021,05/01/2020,05/31/2020,By Month,2020,5,United States,1,2.5,2,190,4,0,0,6,4
12/08/2021,05/01/2020,05/31/2020,By Month,2020,5,United States,-1,8.5,7,1167,21,0,1,29,5
12/08/2021,05/01/2020,05/31/2020,By Month,2020,5,United States,1,9.5,8,301,13,3,2,20,6
12/08/2021,05/01/2020,05/31/2020,By Month,2020,5,United States,1,8.5,13,1788,24,4,2,35,7
12/08/2021,05/01/2020,05/31/2020,By Month,2020,5,United States,-1,19.5,19,784,24,9,0,34,8
12/08/2021,05/01/2020,05/31/2020,By Month,2020,5,United States,1,19.5,32,2286,31,7,1,57,9
12/08/2021,05/01/2020,05/31/2020,By Month,2020,5,United States,-1,23.5,38,1423,44,17,0,65,10
12/08/2021,05/01/2020,05/31/2020,By Month,2020,5,United States,-1,29.5,69,1895,75,24,1,121,11
12/08/2021,05/01/2020,05/31/2020,By Month,2020,5,United States,1,23.5,95,4065,92,31,1,157,12
12/08/2021,05/01/2020,05/31/2020,By Month,2020,5,United States,-1,64.5,113,2479,120,43,1,191,13
12/08/2021,05/01/2020,05/31/2020,By Month,2020,5,United States,1,29.5,172,4680,154,75,1,252,14
12/08/2021,05/01/2020,05/31/2020,By Month,2020,5,United States,-1,39.5,181,3059,184,73,1,293,15
12/08/2021,05/01/2020,05/31/2020,By Month,2020,5,United States,1,64.5,272,5482,222,113,2,383,16
12/08/2021,05/01/2020,05/31/2020,By Month,2020,5,United States,-1,44.5,310,4042,287,132,4,468,17
12/08/2021,05/01/2020,05/31/2020,By Month,2020,5,United States,1,39.5,434,6185,345,177,3,605,18
12/08/2021,05/01/2020,05/31/2020,By Month,2020,5,United States,-1,49.5,530,5898,454,230,6,759,19
12/08/2021,05/01/2020,05/31/2020,By Month,2020,5,United States,1,44.5,728,7601,568,326,3,973,20
12/08/2021,05/01/2020,05/31/2020,By Month,2020,5,United States,1,49.5,1181,10617,931,550,5,1566,21
12/08/2021,05/01/2020,05/31/2020,By Month,2020,5,United States,-1,59.5,1508,13776,1428,732,8,2212,22
12/08/2021,05/01/2020,05/31/2020,By Month,2020,5,United States,-1,57,1844,17316,1712,876,11,2691,23
12/08/2021,05/01/2020,05/31/2020,By Month,2020,5,United States,1,59.5,2867,22957,2276,1320,9,3830,24
12/08/2021,05/01/2020,05/31/2020,By Month,2020,5,United States,-1,69.5,3072,23026,2614,1409,12,4289,25
12/08/2021,05/01/2020,05/31/2020,By Month,2020,5,United States,1,57,3589,29249,2852,1658,13,4793,26
12/08/2021,05/01/2020,05/31/2020,By Month,2020,5,United States,-1,79.5,4627,32087,3423,1926,13,6132,27
12/08/2021,05/01/2020,05/31/2020,By Month,2020,5,United States,1,69.5,4693,31769,3885,2210,20,6382,28
12/08/2021,05/01/2020,05/31/2020,By Month,2020,5,United States,1,85,4876,31779,3680,1913,15,6656,29
12/08/2021,05/01/2020,05/31/2020,By Month,2020,5,United States,1,79.5,5169,34387,4261,2287,15,7157,30
12/08/2021,05/01/2020,05/31/2020,By Month,2020,5,United States,-1,85,8854,52764,5195,2975,13,11085,31
12/08/2021,05/01/2021,05/31/2021,By Month,2021,17,United States,-1,9.5,1,206,7,0,0,8,0
12/08/2021,05/01/2021,05/31/2021,By Month,2021,17,United States,1,2.5,1,195,5,0,0,6,1
12/08/2021,05/01/2021,05/31/2021,By Month,2021,17,United States,-1,0.5,2,742,9,1,0,10,2
12/08/2021,05/01/2021,05/31/2021,By Month,2021,17,United States,-1,2.5,3,158,8,1,0,10,3
12/08/2021,05/01/2021,05/31/2021,By Month,2021,17,United States,1,0.5,4,926,6,0,0,10,4
12/08/2021,05/01/2021,05/31/2021,By Month,2021,17,United States,1,9.5,6,304,1,1,1,7,5
12/08/2021,05/01/2021,05/31/2021,By Month,2021,17,United States,-1,8.5,10,1261,26,3,0,33,6
12/08/2021,05/01/2021,05/31/2021,By Month,2021,17,United States,1,8.5,16,1796,15,2,1,30,7
12/08/2021,05/01/2021,05/31/2021,By Month,2021,17,United States,-1,19.5,30,892,24,12,0,42,8
12/08/2021,05/01/2021,05/31/2021,By Month,2021,17,United States,1,19.5,39,2486,32,13,0,58,9
12/08/2021,05/01/2021,05/31/2021,By Month,2021,17,United States,-1,23.5,56,1513,50,25,0,81,10
12/08/2021,05/01/2021,05/31/2021,By Month,2021,17,United States,-1,29.5,87,1938,92,41,0,138,11
12/08/2021,05/01/2021,05/31/2021,By Month,2021,17,United States,1,23.5,92,4295,83,40,0,135,12
12/08/2021,05/01/2021,05/31/2021,By Month,2021,17,United States,-1,64.5,146,2589,156,77,0,225,13
12/08/2021,05/01/2021,05/31/2021,By Month,2021,17,United States,1,29.5,150,4817,132,69,0,213,14
12/08/2021,05/01/2021,05/31/2021,By Month,2021,17,United States,1,64.5,214,5632,223,119,0,318,15
12/08/2021,05/01/2021,05/31/2021,By Month,2021,17,United States,-1,39.5,221,3251,220,112,0,329,16
12/08/2021,05/01/2021,05/31/2021,By Month,2021,17,United States,1,39.5,315,6260,327,181,1,462,17
12/08/2021,05/01/2021,05/31/2021,By Month,2021,17,United States,-1,44.5,324,4208,313,166,1,472,18
12/08/2021,05/01/2021,05/31/2021,By Month,2021,17,United States,-1,49.5,523,5968,532,293,1,763,19
12/08/2021,05/01/2021,05/31/2021,By Month,2021,17,United States,1,44.5,528,7300,491,291,1,729,20
12/08/2021,05/01/2021,05/31/2021,By Month,2021,17,United States,1,49.5,837,10094,768,475,1,1131,21
12/08/2021,05/01/2021,05/31/2021,By Month,2021,17,United States,1,85,1131,26993,1965,581,2,2517,22
12/08/2021,05/01/2021,05/31/2021,By Month,2021,17,United States,-1,59.5,1257,13990,1430,753,2,1935,23
12/08/2021,05/01/2021,05/31/2021,By Month,2021,17,United States,-1,85,1414,42402,2302,636,3,3083,24
12/08/2021,05/01/2021,05/31/2021,By Month,2021,17,United States,-1,79.5,1566,29247,2276,870,5,2975,25
12/08/2021,05/01/2021,05/31/2021,By Month,2021,17,United States,-1,57,1588,17574,1777,942,2,2424,26
12/08/2021,05/01/2021,05/31/2021,By Month,2021,17,United States,-1,69.5,1663,22750,1995,973,5,2689,27
12/08/2021,05/01/2021,05/31/2021,By Month,2021,17,United States,1,59.5,1718,21880,1854,953,3,2619,28
12/08/2021,05/01/2021,05/31/2021,By Month,2021,17,United States,1,79.5,1785,31374,2640,972,4,3456,29
12/08/2021,05/01/2021,05/31/2021,By Month,2021,17,United States,1,69.5,2128,30772,2785,1223,6,3694,30
12/08/2021,05/01/2021,05/31/2021,By Month,2021,17,United States,1,57,2220,27939,2313,1240,4,3294,31
12/08/2021,06/01/2020,06/30/2020,By Month,2020,6,United States,-1,0.5,1,750,7,0,0,8,0
12/08/2021,06/01/2020,06/30/2020,By Month,2020,6,United States,-1,9.5,1,225,6,0,0,7,1
12/08/2021,06/01/2020,06/30/2020,By Month,2020,6,United States,1,2.5,1,187,3,0,0,4,2
12/08/2021,06/01/2020,06/30/2020,By Month,2020,6,United States,1,9.5,1,300,7,1,0,7,3
12/08/2021,06/01/2020,06/30/2020,By Month,2020,6,United States,-1,2.5,3,122,5,0,0,8,4
12/08/2021,06/01/2020,06/30/2020,By Month,2020,6,United States,1,0.5,5,915,6,0,0,11,5
12/08/2021,06/01/2020,06/30/2020,By Month,2020,6,United States,-1,8.5,6,1232,20,1,0,25,6
12/08/2021,06/01/2020,06/30/2020,By Month,2020,6,United States,1,8.5,12,1733,19,1,0,30,7
12/08/2021,06/01/2020,06/30/2020,By Month,2020,6,United States,-1,19.5,22,840,21,8,0,35,8
12/08/2021,06/01/2020,06/30/2020,By Month,2020,6,United States,1,19.5,27,2393,40,8,0,59,9
12/08/2021,06/01/2020,06/30/2020,By Month,2020,6,United States,-1,23.5,43,1500,50,20,0,73,10
12/08/2021,06/01/2020,06/30/2020,By Month,2020,6,United States,1,23.5,65,4237,96,28,1,134,11
12/08/2021,06/01/2020,06/30/2020,By Month,2020,6,United States,-1,29.5,66,1864,79,33,0,112,12
12/08/2021,06/01/2020,06/30/2020,By Month,2020,6,United States,-1,64.5,105,2405,119,51,0,173,13
12/08/2021,06/01/2020,06/30/2020,By Month,2020,6,United States,1,29.5,120,4702,127,45,1,203,14
12/08/2021,06/01/2020,06/30/2020,By Month,2020,6,United States,-1,39.5,148,2953,170,63,0,255,15
12/08/2021,06/01/2020,06/30/2020,By Month,2020,6,United States,1,64.5,193,5230,170,76,0,287,16
12/08/2021,06/01/2020,06/30/2020,By Month,2020,6,United States,-1,44.5,222,3940,251,89,0,384,17
12/08/2021,06/01/2020,06/30/2020,By Month,2020,6,United States,1,39.5,286,5661,251,117,0,420,18
12/08/2021,06/01/2020,06/30/2020,By Month,2020,6,United States,-1,49.5,382,5763,448,181,1,650,19
12/08/2021,06/01/2020,06/30/2020,By Month,2020,6,United States,1,44.5,464,6955,381,183,1,663,20
12/08/2021,06/01/2020,06/30/2020,By Month,2020,6,United States,1,49.5,759,9933,671,343,2,1089,21
12/08/2021,06/01/2020,06/30/2020,By Month,2020,6,United States,-1,59.5,847,12845,1035,407,4,1478,22
12/08/2021,06/01/2020,06/30/2020,By Month,2020,6,United States,-1,57,1094,16285,1331,531,5,1898,23
12/08/2021,06/01/2020,06/30/2020,By Month,2020,6,United States,-1,69.5,1478,20856,1728,675,5,2536,24
12/08/2021,06/01/2020,06/30/2020,By Month,2020,6,United States,1,59.5,1543,20974,1606,748,3,2403,25
12/08/2021,06/01/2020,06/30/2020,By Month,2020,6,United States,1,57,2008,26910,2045,974,4,3082,26
12/08/2021,06/01/2020,06/30/2020,By Month,2020,6,United States,1,85,2046,27566,2407,834,2,3620,27
12/08/2021,06/01/2020,06/30/2020,By Month,2020,6,United States,-1,79.5,2171,28248,2290,906,4,3559,28
12/08/2021,06/01/2020,06/30/2020,By Month,2020,6,United States,1,69.5,2306,28780,2636,1103,8,3846,29
12/08/2021,06/01/2020,06/30/2020,By Month,2020,6,United States,1,79.5,2327,30485,2909,1099,5,4141,30
12/08/2021,06/01/2020,06/30/2020,By Month,2020,6,United States,-1,85,3470,43953,2830,1080,5,5225,31
12/08/2021,06/01/2021,06/30/2021,By Month,2021,18,United States,-1,2.5,0,135,2,0,0,2,0
12/08/2021,06/01/2021,06/30/2021,By Month,2021,18,United States,1,9.5,0,316,2,0,0,2,1
12/08/2021,06/01/2021,06/30/2021,By Month,2021,18,United States,-1,0.5,2,680,7,0,0,9,2
12/08/2021,06/01/2021,06/30/2021,By Month,2021,18,United States,1,2.5,2,196,7,1,0,8,3
12/08/2021,06/01/2021,06/30/2021,By Month,2021,18,United States,1,0.5,3,877,8,1,1,11,4
12/08/2021,06/01/2021,06/30/2021,By Month,2021,18,United States,-1,9.5,4,247,8,3,1,10,5
12/08/2021,06/01/2021,06/30/2021,By Month,2021,18,United States,1,8.5,7,1756,17,2,1,23,6
12/08/2021,06/01/2021,06/30/2021,By Month,2021,18,United States,-1,8.5,10,1217,19,3,1,27,7
12/08/2021,06/01/2021,06/30/2021,By Month,2021,18,United States,1,19.5,13,2455,29,4,0,38,8
12/08/2021,06/01/2021,06/30/2021,By Month,2021,18,United States,-1,19.5,14,874,25,5,0,34,9
12/08/2021,06/01/2021,06/30/2021,By Month,2021,18,United States,-1,23.5,27,1447,47,12,0,62,10
12/08/2021,06/01/2021,06/30/2021,By Month,2021,18,United States,1,23.5,40,4216,73,22,0,91,11
12/08/2021,06/01/2021,06/30/2021,By Month,2021,18,United States,-1,29.5,52,1832,68,19,1,102,12
12/08/2021,06/01/2021,06/30/2021,By Month,2021,18,United States,1,29.5,79,4748,117,48,0,148,13
12/08/2021,06/01/2021,06/30/2021,By Month,2021,18,United States,-1,64.5,80,2432,119,43,2,157,14
12/08/2021,06/01/2021,06/30/2021,By Month,2021,18,United States,1,64.5,121,5612,182,59,1,245,15
12/08/2021,06/01/2021,06/30/2021,By Month,2021,18,United States,-1,39.5,129,3019,176,74,1,231,16
12/08/2021,06/01/2021,06/30/2021,By Month,2021,18,United States,-1,44.5,203,3871,251,107,0,347,17
12/08/2021,06/01/2021,06/30/2021,By Month,2021,18,United States,1,39.5,206,6401,269,108,1,368,18
12/08/2021,06/01/2021,06/30/2021,By Month,2021,18,United States,-1,49.5,303,5506,396,172,2,528,19
12/08/2021,06/01/2021,06/30/2021,By Month,2021,18,United States,1,44.5,326,7248,372,183,1,516,20
12/08/2021,06/01/2021,06/30/2021,By Month,2021,18,United States,1,49.5,515,9608,591,295,1,812,21
12/08/2021,06/01/2021,06/30/2021,By Month,2021,18,United States,1,85,554,25842,1729,263,0,2020,22
12/08/2021,06/01/2021,06/30/2021,By Month,2021,18,United States,-1,59.5,665,13179,1020,382,5,1307,23
12/08/2021,06/01/2021,06/30/2021,By Month,2021,18,United States,-1,85,786,39830,1925,305,3,2409,24
12/08/2021,06/01/2021,06/30/2021,By Month,2021,18,United States,-1,79.5,808,28088,1817,440,2,2187,25
12/08/2021,06/01/2021,06/30/2021,By Month,2021,18,United States,-1,57,849,16505,1266,490,7,1630,26
12/08/2021,06/01/2021,06/30/2021,By Month,2021,18,United States,-1,69.5,863,21074,1560,488,5,1940,27
12/08/2021,06/01/2021,06/30/2021,By Month,2021,18,United States,1,79.5,914,29515,2158,500,2,2573,28
12/08/2021,06/01/2021,06/30/2021,By Month,2021,18,United States,1,59.5,944,20641,1490,587,4,1850,29
12/08/2021,06/01/2021,06/30/2021,By Month,2021,18,United States,1,69.5,1100,29203,2143,641,7,2607,30
12/08/2021,06/01/2021,06/30/2021,By Month,2021,18,United States,1,57,1268,26410,1869,778,4,2362,31
12/08/2021,07/01/2020,07/31/2020,By Month,2020,7,United States,-1,2.5,0,151,3,0,0,3,0
12/08/2021,07/01/2020,07/31/2020,By Month,2020,7,United States,-1,0.5,1,729,6,0,0,7,1
12/08/2021,07/01/2020,07/31/2020,By Month,2020,7,United States,1,2.5,1,195,1,0,0,2,2
12/08/2021,07/01/2020,07/31/2020,By Month,2020,7,United States,-1,9.5,5,226,8,1,0,12,3
12/08/2021,07/01/2020,07/31/2020,By Month,2020,7,United States,1,0.5,5,921,4,1,0,8,4
12/08/2021,07/01/2020,07/31/2020,By Month,2020,7,United States,1,9.5,9,314,8,2,0,15,5
12/08/2021,07/01/2020,07/31/2020,By Month,2020,7,United States,-1,8.5,11,1262,19,3,0,27,6
12/08/2021,07/01/2020,07/31/2020,By Month,2020,7,United States,1,8.5,18,1795,15,3,0,30,7
12/08/2021,07/01/2020,07/31/2020,By Month,2020,7,United States,-1,19.5,42,868,22,12,0,52,8
12/08/2021,07/01/2020,07/31/2020,By Month,2020,7,United States,1,19.5,60,2628,46,24,0,82,9
12/08/2021,07/01/2020,07/31/2020,By Month,2020,7,United States,-1,23.5,89,1584,69,35,1,123,10
12/08/2021,07/01/2020,07/31/2020,By Month,2020,7,United States,-1,29.5,126,2014,116,55,1,187,11
12/08/2021,07/01/2020,07/31/2020,By Month,2020,7,United States,1,23.5,142,4505,122,58,1,207,12
12/08/2021,07/01/2020,07/31/2020,By Month,2020,7,United States,-1,64.5,189,2617,154,76,0,267,13
12/08/2021,07/01/2020,07/31/2020,By Month,2020,7,United States,1,29.5,226,4880,195,96,1,326,14
12/08/2021,07/01/2020,07/31/2020,By Month,2020,7,United States,-1,39.5,304,3278,238,131,0,411,15
12/08/2021,07/01/2020,07/31/2020,By Month,2020,7,United States,1,64.5,377,5752,272,167,1,483,16
12/08/2021,07/01/2020,07/31/2020,By Month,2020,7,United States,-1,44.5,446,4292,370,202,0,614,17
12/08/2021,07/01/2020,07/31/2020,By Month,2020,7,United States,1,39.5,598,6636,425,290,2,735,18
12/08/2021,07/01/2020,07/31/2020,By Month,2020,7,United States,-1,49.5,685,6372,615,337,1,964,19
12/08/2021,07/01/2020,07/31/2020,By Month,2020,7,United States,1,44.5,890,8030,665,445,2,1112,20
12/08/2021,07/01/2020,07/31/2020,By Month,2020,7,United States,1,49.5,1311,10834,987,648,3,1653,21
12/08/2021,07/01/2020,07/31/2020,By Month,2020,7,United States,-1,59.5,1624,14568,1506,812,4,2321,22
12/08/2021,07/01/2020,07/31/2020,By Month,2020,7,United States,-1,57,2052,18451,1902,1032,5,2926,23
12/08/2021,07/01/2020,07/31/2020,By Month,2020,7,United States,-1,69.5,2785,23377,2557,1416,7,3931,24
12/08/2021,07/01/2020,07/31/2020,By Month,2020,7,United States,1,59.5,2874,23710,2386,1442,4,3821,25
12/08/2021,07/01/2020,07/31/2020,By Month,2020,7,United States,-1,79.5,3468,31483,3140,1659,7,4953,26
12/08/2021,07/01/2020,07/31/2020,By Month,2020,7,United States,1,85,3487,30531,3313,1641,5,5161,27
12/08/2021,07/01/2020,07/31/2020,By Month,2020,7,United States,1,57,3657,30036,2978,1830,6,4810,28
12/08/2021,07/01/2020,07/31/2020,By Month,2020,7,United States,1,69.5,4280,32820,3799,2193,5,5888,29
12/08/2021,07/01/2020,07/31/2020,By Month,2020,7,United States,1,79.5,4587,34549,4154,2321,8,6426,30
12/08/2021,07/01/2020,07/31/2020,By Month,2020,7,United States,-1,85,4640,47788,3586,1818,2,6408,31
12/08/2021,07/01/2021,07/31/2021,By Month,2021,19,United States,1,2.5,0,193,3,0,1,4,0
12/08/2021,07/01/2021,07/31/2021,By Month,2021,19,United States,-1,2.5,2,152,7,1,0,8,1
12/08/2021,07/01/2021,07/31/2021,By Month,2021,19,United States,-1,9.5,2,214,10,1,0,11,2
12/08/2021,07/01/2021,07/31/2021,By Month,2021,19,United States,1,0.5,2,900,13,0,0,15,3
12/08/2021,07/01/2021,07/31/2021,By Month,2021,19,United States,-1,0.5,3,722,3,0,0,6,4
12/08/2021,07/01/2021,07/31/2021,By Month,2021,19,United States,1,9.5,5,314,8,1,0,12,5
12/08/2021,07/01/2021,07/31/2021,By Month,2021,19,United States,-1,8.5,10,1240,21,3,0,28,6
12/08/2021,07/01/2021,07/31/2021,By Month,2021,19,United States,1,8.5,10,1789,28,1,1,38,7
12/08/2021,07/01/2021,07/31/2021,By Month,2021,19,United States,-1,19.5,36,877,24,12,0,48,8
12/08/2021,07/01/2021,07/31/2021,By Month,2021,19,United States,1,19.5,50,2437,51,23,0,78,9
12/08/2021,07/01/2021,07/31/2021,By Month,2021,19,United States,-1,23.5,61,1528,54,25,0,90,10
12/08/2021,07/01/2021,07/31/2021,By Month,2021,19,United States,-1,29.5,87,1980,106,53,0,140,11
12/08/2021,07/01/2021,07/31/2021,By Month,2021,19,United States,1,23.5,116,4206,107,58,0,165,12
12/08/2021,07/01/2021,07/31/2021,By Month,2021,19,United States,-1,64.5,151,2657,165,80,0,236,13
12/08/2021,07/01/2021,07/31/2021,By Month,2021,19,United States,1,29.5,163,4903,157,86,0,234,14
12/08/2021,07/01/2021,07/31/2021,By Month,2021,19,United States,-1,39.5,236,3318,216,110,0,342,15
12/08/2021,07/01/2021,07/31/2021,By Month,2021,19,United States,1,64.5,243,5717,238,125,0,356,16
12/08/2021,07/01/2021,07/31/2021,By Month,2021,19,United States,-1,44.5,345,4205,343,201,0,487,17
12/08/2021,07/01/2021,07/31/2021,By Month,2021,19,United States,1,39.5,390,6524,358,201,1,548,18
12/08/2021,07/01/2021,07/31/2021,By Month,2021,19,United States,-1,49.5,486,5827,507,298,1,696,19
12/08/2021,07/01/2021,07/31/2021,By Month,2021,19,United States,1,44.5,564,7762,516,301,1,780,20
12/08/2021,07/01/2021,07/31/2021,By Month,2021,19,United States,1,49.5,778,10239,757,433,0,1102,21
12/08/2021,07/01/2021,07/31/2021,By Month,2021,19,United States,1,85,833,26987,2001,449,3,2388,22
12/08/2021,07/01/2021,07/31/2021,By Month,2021,19,United States,-1,59.5,900,13660,1194,526,4,1570,23
12/08/2021,07/01/2021,07/31/2021,By Month,2021,19,United States,-1,85,997,42053,2220,450,3,2770,24
12/08/2021,07/01/2021,07/31/2021,By Month,2021,19,United States,-1,79.5,1062,29299,2016,602,0,2476,25
12/08/2021,07/01/2021,07/31/2021,By Month,2021,19,United States,-1,69.5,1092,22432,1803,661,2,2236,26
12/08/2021,07/01/2021,07/31/2021,By Month,2021,19,United States,-1,57,1185,17120,1484,692,5,1980,27
12/08/2021,07/01/2021,07/31/2021,By Month,2021,19,United States,1,59.5,1282,21361,1641,709,4,2218,28
12/08/2021,07/01/2021,07/31/2021,By Month,2021,19,United States,1,79.5,1293,30935,2469,764,5,3002,29
12/08/2021,07/01/2021,07/31/2021,By Month,2021,19,United States,1,69.5,1426,30216,2501,859,9,3073,30
12/08/2021,07/01/2021,07/31/2021,By Month,2021,19,United States,1,57,1737,27397,2099,968,4,2872,31
12/08/2021,08/01/2020,08/31/2020,By Month,2020,8,United States,1,0.5,1,870,9,0,0,10,0
12/08/2021,08/01/2020,08/31/2020,By Month,2020,8,United States,-1,0.5,2,755,7,2,0,7,1
12/08/2021,08/01/2020,08/31/2020,By Month,2020,8,United States,-1,2.5,2,122,6,0,0,8,2
12/08/2021,08/01/2020,08/31/2020,By Month,2020,8,United States,1,9.5,2,270,8,0,0,10,3
12/08/2021,08/01/2020,08/31/2020,By Month,2020,8,United States,1,2.5,3,156,3,0,0,6,4
12/08/2021,08/01/2020,08/31/2020,By Month,2020,8,United States,-1,9.5,5,191,5,0,0,10,5
12/08/2021,08/01/2020,08/31/2020,By Month,2020,8,United States,1,8.5,8,1659,23,0,0,31,6
12/08/2021,08/01/2020,08/31/2020,By Month,2020,8,United States,-1,8.5,11,1224,21,2,0,30,7
12/08/2021,08/01/2020,08/31/2020,By Month,2020,8,United States,-1,19.5,27,890,25,9,1,44,8
12/08/2021,08/01/2020,08/31/2020,By Month,2020,8,United States,1,19.5,44,2497,45,21,0,68,9
12/08/2021,08/01/2020,08/31/2020,By Month,2020,8,United States,-1,23.5,52,1548,57,26,1,84,10
12/08/2021,08/01/2020,08/31/2020,By Month,2020,8,United States,1,23.5,87,4309,86,39,0,134,11
12/08/2021,08/01/2020,08/31/2020,By Month,2020,8,United States,-1,29.5,91,1928,90,50,0,131,12
12/08/2021,08/01/2020,08/31/2020,By Month,2020,8,United States,1,29.5,139,4807,133,58,0,214,13
12/08/2021,08/01/2020,08/31/2020,By Month,2020,8,United States,-1,64.5,144,2553,148,76,0,216,14
12/08/2021,08/01/2020,08/31/2020,By Month,2020,8,United States,-1,39.5,226,3189,223,106,2,344,15
12/08/2021,08/01/2020,08/31/2020,By Month,2020,8,United States,1,64.5,240,5579,221,108,0,353,16
12/08/2021,08/01/2020,08/31/2020,By Month,2020,8,United States,-1,44.5,386,4285,353,192,2,548,17
12/08/2021,08/01/2020,08/31/2020,By Month,2020,8,United States,1,39.5,415,6230,352,195,0,572,18
12/08/2021,08/01/2020,08/31/2020,By Month,2020,8,United States,-1,49.5,595,6197,575,313,2,858,19
12/08/2021,08/01/2020,08/31/2020,By Month,2020,8,United States,1,44.5,731,7482,571,372,0,930,20
12/08/2021,08/01/2020,08/31/2020,By Month,2020,8,United States,1,49.5,1127,10472,930,598,0,1459,21
12/08/2021,08/01/2020,08/31/2020,By Month,2020,8,United States,-1,59.5,1592,14523,1596,887,2,2302,22
12/08/2021,08/01/2020,08/31/2020,By Month,2020,8,United States,-1,57,1947,18185,1948,1071,4,2826,23
12/08/2021,08/01/2020,08/31/2020,By Month,2020,8,United States,1,59.5,2538,22841,2387,1412,2,3515,24
12/08/2021,08/01/2020,08/31/2020,By Month,2020,8,United States,-1,69.5,2741,23379,2577,1462,4,3858,25
12/08/2021,08/01/2020,08/31/2020,By Month,2020,8,United States,1,57,3203,29114,2966,1765,2,4406,26
12/08/2021,08/01/2020,08/31/2020,By Month,2020,8,United States,1,85,3402,30317,3189,1665,2,4927,27
12/08/2021,08/01/2020,08/31/2020,By Month,2020,8,United States,-1,79.5,3596,32055,3191,1769,7,5022,28
12/08/2021,08/01/2020,08/31/2020,By Month,2020,8,United States,1,69.5,4157,32603,4012,2342,7,5832,29
12/08/2021,08/01/2020,08/31/2020,By Month,2020,8,United States,1,79.5,4489,34605,4273,2405,7,6362,30
12/08/2021,08/01/2020,08/31/2020,By Month,2020,8,United States,-1,85,4685,48242,3704,1806,7,6585,31
12/08/2021,08/01/2021,08/31/2021,By Month,2021,20,United States,1,2.5,2,178,6,0,0,8,0
12/08/2021,08/01/2021,08/31/2021,By Month,2021,20,United States,-1,2.5,7,143,12,3,0,16,1
12/08/2021,08/01/2021,08/31/2021,By Month,2021,20,United States,1,0.5,9,865,9,2,0,16,2
12/08/2021,08/01/2021,08/31/2021,By Month,2021,20,United States,-1,0.5,13,721,7,1,1,20,3
12/08/2021,08/01/2021,08/31/2021,By Month,2021,20,United States,-1,9.5,13,229,11,5,0,19,4
12/08/2021,08/01/2021,08/31/2021,By Month,2021,20,United States,1,9.5,14,296,17,7,0,24,5
12/08/2021,08/01/2021,08/31/2021,By Month,2021,20,United States,-1,8.5,47,1250,40,16,1,72,6
12/08/2021,08/01/2021,08/31/2021,By Month,2021,20,United States,1,8.5,52,1688,48,22,0,78,7
12/08/2021,08/01/2021,08/31/2021,By Month,2021,20,United States,-1,19.5,121,898,66,53,0,134,8
12/08/2021,08/01/2021,08/31/2021,By Month,2021,20,United States,1,19.5,164,2428,109,80,0,193,9
12/08/2021,08/01/2021,08/31/2021,By Month,2021,20,United States,-1,23.5,288,1692,170,149,0,309,10
12/08/2021,08/01/2021,08/31/2021,By Month,2021,20,United States,1,23.5,423,4525,262,218,0,467,11
12/08/2021,08/01/2021,08/31/2021,By Month,2021,20,United States,-1,29.5,507,2363,343,287,0,563,12
12/08/2021,08/01/2021,08/31/2021,By Month,2021,20,United States,1,29.5,762,5602,511,441,0,832,13
12/08/2021,08/01/2021,08/31/2021,By Month,2021,20,United States,-1,64.5,822,3332,552,458,2,917,14
12/08/2021,08/01/2021,08/31/2021,By Month,2021,20,United States,-1,39.5,1185,4415,767,650,2,1303,15
12/08/2021,08/01/2021,08/31/2021,By Month,2021,20,United States,1,64.5,1206,6738,827,708,0,1325,16
12/08/2021,08/01/2021,08/31/2021,By Month,2021,20,United States,-1,44.5,1644,5614,1082,918,1,1809,17
12/08/2021,08/01/2021,08/31/2021,By Month,2021,20,United States,1,39.5,1793,7967,1228,1065,1,1956,18
12/08/2021,08/01/2021,08/31/2021,By Month,2021,20,United States,-1,49.5,2192,7742,1523,1284,1,2432,19
12/08/2021,08/01/2021,08/31/2021,By Month,2021,20,United States,1,44.5,2639,9670,1807,1601,1,2845,20
12/08/2021,08/01/2021,08/31/2021,By Month,2021,20,United States,1,85,3278,30679,3515,1884,3,4911,21
12/08/2021,08/01/2021,08/31/2021,By Month,2021,20,United States,-1,85,3714,45860,3766,1981,6,5503,22
12/08/2021,08/01/2021,08/31/2021,By Month,2021,20,United States,1,49.5,3795,13172,2629,2303,4,4122,23
12/08/2021,08/01/2021,08/31/2021,By Month,2021,20,United States,-1,59.5,3875,16949,3104,2411,6,4570,24
12/08/2021,08/01/2021,08/31/2021,By Month,2021,20,United States,-1,79.5,4421,32910,4236,2734,11,5928,25
12/08/2021,08/01/2021,08/31/2021,By Month,2021,20,United States,-1,69.5,4856,26674,4239,3036,7,6064,26
12/08/2021,08/01/2021,08/31/2021,By Month,2021,20,United States,-1,57,5112,21572,3989,3153,6,5950,27
12/08/2021,08/01/2021,08/31/2021,By Month,2021,20,United States,1,79.5,5300,36113,5185,3326,6,7163,28
12/08/2021,08/01/2021,08/31/2021,By Month,2021,20,United States,1,59.5,5701,26371,4417,3473,7,6648,29
12/08/2021,08/01/2021,08/31/2021,By Month,2021,20,United States,1,69.5,6348,35923,5675,3973,8,8055,30
12/08/2021,08/01/2021,08/31/2021,By Month,2021,20,United States,1,57,7920,34258,5982,4822,11,9084,31
12/08/2021,09/01/2020,09/30/2020,By Month,2020,9,United States,-1,2.5,0,103,2,0,0,2,0
12/08/2021,09/01/2020,09/30/2020,By Month,2020,9,United States,1,2.5,0,161,1,0,0,1,1
12/08/2021,09/01/2020,09/30/2020,By Month,2020,9,United States,1,9.5,1,294,2,0,0,3,2
12/08/2021,09/01/2020,09/30/2020,By Month,2020,9,United States,-1,0.5,2,683,7,1,0,8,3
12/08/2021,09/01/2020,09/30/2020,By Month,2020,9,United States,-1,9.5,2,167,2,0,0,4,4
12/08/2021,09/01/2020,09/30/2020,By Month,2020,9,United States,1,0.5,4,920,13,1,0,16,5
12/08/2021,09/01/2020,09/30/2020,By Month,2020,9,United States,-1,8.5,5,1077,14,2,0,17,6
12/08/2021,09/01/2020,09/30/2020,By Month,2020,9,United States,1,8.5,9,1713,22,1,0,30,7
12/08/2021,09/01/2020,09/30/2020,By Month,2020,9,United States,-1,19.5,17,794,26,7,1,37,8
12/08/2021,09/01/2020,09/30/2020,By Month,2020,9,United States,1,19.5,21,2335,33,4,0,50,9
12/08/2021,09/01/2020,09/30/2020,By Month,2020,9,United States,-1,23.5,34,1448,42,16,1,61,10
12/08/2021,09/01/2020,09/30/2020,By Month,2020,9,United States,1,23.5,52,3930,60,16,0,96,11
12/08/2021,09/01/2020,09/30/2020,By Month,2020,9,United States,-1,29.5,57,1779,61,27,0,91,12
12/08/2021,09/01/2020,09/30/2020,By Month,2020,9,United States,-1,64.5,93,2281,89,38,1,145,13
12/08/2021,09/01/2020,09/30/2020,By Month,2020,9,United States,1,29.5,95,4314,111,43,0,163,14
12/08/2021,09/01/2020,09/30/2020,By Month,2020,9,United States,1,64.5,142,5006,180,72,0,250,15
12/08/2021,09/01/2020,09/30/2020,By Month,2020,9,United States,-1,39.5,148,2952,158,67,1,240,16
12/08/2021,09/01/2020,09/30/2020,By Month,2020,9,United States,1,39.5,220,5562,240,101,0,359,17
12/08/2021,09/01/2020,09/30/2020,By Month,2020,9,United States,-1,44.5,232,3901,255,120,0,367,18
12/08/2021,09/01/2020,09/30/2020,By Month,2020,9,United States,-1,49.5,344,5564,411,174,1,582,19
12/08/2021,09/01/2020,09/30/2020,By Month,2020,9,United States,1,44.5,395,6776,391,186,0,600,20
12/08/2021,09/01/2020,09/30/2020,By Month,2020,9,United States,1,49.5,637,9555,664,331,3,972,21
12/08/2021,09/01/2020,09/30/2020,By Month,2020,9,United States,-1,59.5,897,13260,1143,482,2,1560,22
12/08/2021,09/01/2020,09/30/2020,By Month,2020,9,United States,-1,57,1103,16595,1410,582,3,1934,23
12/08/2021,09/01/2020,09/30/2020,By Month,2020,9,United States,1,59.5,1565,20932,1758,862,4,2465,24
12/08/2021,09/01/2020,09/30/2020,By Month,2020,9,United States,-1,69.5,1790,21796,1924,919,3,2796,25
12/08/2021,09/01/2020,09/30/2020,By Month,2020,9,United States,1,57,1945,26648,2169,1067,7,3053,26
12/08/2021,09/01/2020,09/30/2020,By Month,2020,9,United States,1,85,2288,28898,2685,1074,2,3901,27
12/08/2021,09/01/2020,09/30/2020,By Month,2020,9,United States,-1,79.5,2332,29671,2568,1105,1,3796,28
12/08/2021,09/01/2020,09/30/2020,By Month,2020,9,United States,1,69.5,2564,29852,3019,1432,3,4154,29
12/08/2021,09/01/2020,09/30/2020,By Month,2020,9,United States,1,79.5,2931,31862,3271,1516,3,4688,30
12/08/2021,09/01/2020,09/30/2020,By Month,2020,9,United States,-1,85,3224,45599,3022,1225,4,5024,31
12/08/2021,09/01/2021,09/30/2021,By Month,2021,21,United States,1,2.5,3,180,6,2,0,7,0
12/08/2021,09/01/2021,09/30/2021,By Month,2021,21,United States,-1,2.5,5,139,6,2,0,9,1
12/08/2021,09/01/2021,09/30/2021,By Month,2021,21,United States,-1,9.5,12,174,7,4,0,15,2
12/08/2021,09/01/2021,09/30/2021,By Month,2021,21,United States,-1,0.5,13,757,5,0,0,18,3
12/08/2021,09/01/2021,09/30/2021,By Month,2021,21,United States,1,0.5,13,807,6,1,0,18,4
12/08/2021,09/01/2021,09/30/2021,By Month,2021,21,United States,1,9.5,17,287,16,8,0,25,5
12/08/2021,09/01/2021,09/30/2021,By Month,2021,21,United States,1,8.5,46,1636,38,17,0,67,6
12/08/2021,09/01/2021,09/30/2021,By Month,2021,21,United States,-1,8.5,47,1225,28,15,0,60,7
12/08/2021,09/01/2021,09/30/2021,By Month,2021,21,United States,-1,19.5,135,906,89,78,0,146,8
12/08/2021,09/01/2021,09/30/2021,By Month,2021,21,United States,1,19.5,183,2350,113,93,0,203,9
12/08/2021,09/01/2021,09/30/2021,By Month,2021,21,United States,-1,23.5,300,1636,206,175,0,331,10
12/08/2021,09/01/2021,09/30/2021,By Month,2021,21,United States,1,23.5,418,4292,264,221,1,462,11
12/08/2021,09/01/2021,09/30/2021,By Month,2021,21,United States,-1,29.5,588,2374,400,347,1,642,12
12/08/2021,09/01/2021,09/30/2021,By Month,2021,21,United States,1,29.5,809,5262,553,485,2,879,13
12/08/2021,09/01/2021,09/30/2021,By Month,2021,21,United States,-1,64.5,943,3397,642,556,1,1030,14
12/08/2021,09/01/2021,09/30/2021,By Month,2021,21,United States,-1,39.5,1387,4398,960,848,1,1500,15
12/08/2021,09/01/2021,09/30/2021,By Month,2021,21,United States,1,64.5,1484,6642,1038,918,1,1605,16
12/08/2021,09/01/2021,09/30/2021,By Month,2021,21,United States,-1,44.5,1999,5741,1387,1233,3,2155,17
12/08/2021,09/01/2021,09/30/2021,By Month,2021,21,United States,1,39.5,2292,8137,1585,1408,3,2471,18
12/08/2021,09/01/2021,09/30/2021,By Month,2021,21,United States,-1,49.5,2789,8085,1988,1740,2,3038,19
12/08/2021,09/01/2021,09/30/2021,By Month,2021,21,United States,1,44.5,3338,9954,2259,2063,3,3536,20
12/08/2021,09/01/2021,09/30/2021,By Month,2021,21,United States,1,85,4074,30453,3848,2279,7,5648,21
12/08/2021,09/01/2021,09/30/2021,By Month,2021,21,United States,-1,85,4617,45634,4120,2363,10,6381,22
12/08/2021,09/01/2021,09/30/2021,By Month,2021,21,United States,1,49.5,4755,13685,3236,2951,1,5040,23
12/08/2021,09/01/2021,09/30/2021,By Month,2021,21,United States,-1,59.5,5333,17788,4155,3447,10,6048,24
12/08/2021,09/01/2021,09/30/2021,By Month,2021,21,United States,-1,79.5,5512,33337,4842,3351,6,7007,25
12/08/2021,09/01/2021,09/30/2021,By Month,2021,21,United States,-1,69.5,6508,27358,5285,4106,7,7692,26
12/08/2021,09/01/2021,09/30/2021,By Month,2021,21,United States,1,79.5,6777,36425,6128,4220,2,8687,27
12/08/2021,09/01/2021,09/30/2021,By Month,2021,21,United States,-1,57,6973,22622,5347,4487,10,7840,28
12/08/2021,09/01/2021,09/30/2021,By Month,2021,21,United States,1,59.5,7572,27103,5607,4690,11,8495,29
12/08/2021,09/01/2021,09/30/2021,By Month,2021,21,United States,1,69.5,8419,36825,6960,5339,15,10050,30
12/08/2021,09/01/2021,09/30/2021,By Month,2021,21,United States,1,57,10358,35287,7523,6419,12,11468,31
12/08/2021,10/01/2020,10/31/2020,By Month,2020,10,United States,-1,2.5,0,116,5,0,0,5,0
12/08/2021,10/01/2020,10/31/2020,By Month,2020,10,United States,1,2.5,0,165,7,0,0,7,1
12/08/2021,10/01/2020,10/31/2020,By Month,2020,10,United States,-1,0.5,1,717,7,0,0,8,2
12/08/2021,10/01/2020,10/31/2020,By Month,2020,10,United States,-1,9.5,3,187,3,0,0,6,3
12/08/2021,10/01/2020,10/31/2020,By Month,2020,10,United States,1,9.5,3,298,6,1,0,8,4
12/08/2021,10/01/2020,10/31/2020,By Month,2020,10,United States,1,0.5,4,866,12,0,0,16,5
12/08/2021,10/01/2020,10/31/2020,By Month,2020,10,United States,-1,8.5,7,1151,19,1,0,25,6
12/08/2021,10/01/2020,10/31/2020,By Month,2020,10,United States,1,8.5,7,1643,30,1,0,36,7
12/08/2021,10/01/2020,10/31/2020,By Month,2020,10,United States,-1,19.5,14,801,22,4,0,32,8
12/08/2021,10/01/2020,10/31/2020,By Month,2020,10,United States,1,19.5,19,2260,38,4,0,53,9
12/08/2021,10/01/2020,10/31/2020,By Month,2020,10,United States,-1,23.5,39,1450,49,12,0,76,10
12/08/2021,10/01/2020,10/31/2020,By Month,2020,10,United States,1,23.5,44,3957,66,9,0,101,11
12/08/2021,10/01/2020,10/31/2020,By Month,2020,10,United States,-1,29.5,66,1772,71,20,1,118,12
12/08/2021,10/01/2020,10/31/2020,By Month,2020,10,United States,1,29.5,80,4394,97,27,1,150,13
12/08/2021,10/01/2020,10/31/2020,By Month,2020,10,United States,-1,64.5,93,2360,110,35,1,169,14
12/08/2021,10/01/2020,10/31/2020,By Month,2020,10,United States,1,64.5,150,5030,144,62,1,232,15
12/08/2021,10/01/2020,10/31/2020,By Month,2020,10,United States,-1,39.5,154,3012,180,69,1,266,16
12/08/2021,10/01/2020,10/31/2020,By Month,2020,10,United States,-1,44.5,233,3952,282,107,1,409,17
12/08/2021,10/01/2020,10/31/2020,By Month,2020,10,United States,1,39.5,240,5673,246,119,0,367,18
12/08/2021,10/01/2020,10/31/2020,By Month,2020,10,United States,-1,49.5,346,5810,418,170,1,595,19
12/08/2021,10/01/2020,10/31/2020,By Month,2020,10,United States,1,44.5,416,6897,414,213,1,617,20
12/08/2021,10/01/2020,10/31/2020,By Month,2020,10,United States,1,49.5,695,9603,664,345,3,1015,21
12/08/2021,10/01/2020,10/31/2020,By Month,2020,10,United States,-1,59.5,1019,13855,1219,543,3,1697,22
12/08/2021,10/01/2020,10/31/2020,By Month,2020,10,United States,-1,57,1231,17357,1465,651,4,2048,23
12/08/2021,10/01/2020,10/31/2020,By Month,2020,10,United States,1,59.5,1728,21913,1924,891,7,2767,24
12/08/2021,10/01/2020,10/31/2020,By Month,2020,10,United States,-1,69.5,2129,23252,2290,1108,8,3318,25
12/08/2021,10/01/2020,10/31/2020,By Month,2020,10,United States,1,57,2152,27645,2340,1102,9,3397,26
12/08/2021,10/01/2020,10/31/2020,By Month,2020,10,United States,-1,79.5,3136,31984,2939,1447,11,4634,27
12/08/2021,10/01/2020,10/31/2020,By Month,2020,10,United States,1,69.5,3203,31693,3361,1722,9,4846,28
12/08/2021,10/01/2020,10/31/2020,By Month,2020,10,United States,1,85,3499,31643,3289,1626,8,5168,29
12/08/2021,10/01/2020,10/31/2020,By Month,2020,10,United States,1,79.5,3993,34570,4038,2068,8,5968,30
12/08/2021,10/01/2020,10/31/2020,By Month,2020,10,United States,-1,85,4578,49139,3477,1562,8,6500,31
12/08/2021,10/01/2021,10/31/2021,By Month,2021,22,United States,-1,2.5,1,126,2,0,0,3,0
12/08/2021,10/01/2021,10/31/2021,By Month,2021,22,United States,-1,0.5,2,645,4,1,0,5,1
12/08/2021,10/01/2021,10/31/2021,By Month,2021,22,United States,1,2.5,4,144,7,2,0,9,2
12/08/2021,10/01/2021,10/31/2021,By Month,2021,22,United States,1,0.5,6,749,6,1,0,11,3
12/08/2021,10/01/2021,10/31/2021,By Month,2021,22,United States,1,9.5,6,258,11,3,0,14,4
12/08/2021,10/01/2021,10/31/2021,By Month,2021,22,United States,-1,9.5,8,170,6,4,0,10,5
12/08/2021,10/01/2021,10/31/2021,By Month,2021,22,United States,-1,8.5,16,1085,17,8,0,25,6
12/08/2021,10/01/2021,10/31/2021,By Month,2021,22,United States,1,8.5,29,1492,35,12,0,52,7
12/08/2021,10/01/2021,10/31/2021,By Month,2021,22,United States,-1,19.5,59,826,58,40,0,77,8
12/08/2021,10/01/2021,10/31/2021,By Month,2021,22,United States,1,19.5,116,2253,82,64,0,134,9
12/08/2021,10/01/2021,10/31/2021,By Month,2021,22,United States,-1,23.5,170,1462,140,103,0,207,10
12/08/2021,10/01/2021,10/31/2021,By Month,2021,22,United States,1,23.5,251,3899,200,161,0,290,11
12/08/2021,10/01/2021,10/31/2021,By Month,2021,22,United States,-1,29.5,317,1936,226,181,0,362,12
12/08/2021,10/01/2021,10/31/2021,By Month,2021,22,United States,1,29.5,450,4621,349,286,0,513,13
12/08/2021,10/01/2021,10/31/2021,By Month,2021,22,United States,-1,64.5,542,2732,416,347,0,611,14
12/08/2021,10/01/2021,10/31/2021,By Month,2021,22,United States,1,64.5,785,5682,570,483,0,872,15
12/08/2021,10/01/2021,10/31/2021,By Month,2021,22,United States,-1,39.5,813,3619,609,511,0,911,16
12/08/2021,10/01/2021,10/31/2021,By Month,2021,22,United States,-1,44.5,1140,4724,856,709,0,1287,17
12/08/2021,10/01/2021,10/31/2021,By Month,2021,22,United States,1,39.5,1184,6741,869,740,0,1313,18
12/08/2021,10/01/2021,10/31/2021,By Month,2021,22,United States,-1,49.5,1668,6834,1337,1109,0,1896,19
12/08/2021,10/01/2021,10/31/2021,By Month,2021,22,United States,1,44.5,1813,8307,1333,1146,0,2000,20
12/08/2021,10/01/2021,10/31/2021,By Month,2021,22,United States,1,49.5,2710,11333,2015,1726,1,3000,21
12/08/2021,10/01/2021,10/31/2021,By Month,2021,22,United States,1,85,3180,30345,3383,1707,3,4858,22
12/08/2021,10/01/2021,10/31/2021,By Month,2021,22,United States,-1,59.5,3198,15338,2685,2047,7,3843,23
12/08/2021,10/01/2021,10/31/2021,By Month,2021,22,United States,-1,85,3603,46142,3576,1644,3,5537,24
12/08/2021,10/01/2021,10/31/2021,By Month,2021,22,United States,-1,79.5,3770,32582,3791,2252,11,5319,25
12/08/2021,10/01/2021,10/31/2021,By Month,2021,22,United States,-1,57,4198,19491,3498,2726,7,4977,26
12/08/2021,10/01/2021,10/31/2021,By Month,2021,22,United States,-1,69.5,4353,25501,3889,2738,5,5507,27
12/08/2021,10/01/2021,10/31/2021,By Month,2021,22,United States,1,79.5,4686,34988,4664,2795,8,6560,28
12/08/2021,10/01/2021,10/31/2021,By Month,2021,22,United States,1,59.5,4811,23975,3949,3031,10,5734,29
12/08/2021,10/01/2021,10/31/2021,By Month,2021,22,United States,1,69.5,5681,33954,5260,3661,11,7289,30
12/08/2021,10/01/2021,10/31/2021,By Month,2021,22,United States,1,57,6409,30694,5150,4051,11,7514,31
12/08/2021,11/01/2020,11/30/2020,By Month,2020,11,United States,-1,2.5,1,112,7,0,1,9,0
12/08/2021,11/01/2020,11/30/2020,By Month,2020,11,United States,-1,0.5,2,712,4,0,0,6,1
12/08/2021,11/01/2020,11/30/2020,By Month,2020,11,United States,1,2.5,2,144,2,0,0,4,2
12/08/2021,11/01/2020,11/30/2020,By Month,2020,11,United States,1,0.5,4,843,12,0,0,16,3
12/08/2021,11/01/2020,11/30/2020,By Month,2020,11,United States,-1,9.5,5,187,3,0,0,8,4
12/08/2021,11/01/2020,11/30/2020,By Month,2020,11,United States,1,9.5,5,295,9,1,0,13,5
12/08/2021,11/01/2020,11/30/2020,By Month,2020,11,United States,-1,8.5,12,1143,18,1,1,30,6
12/08/2021,11/01/2020,11/30/2020,By Month,2020,11,United States,1,8.5,15,1609,26,1,0,40,7
12/08/2021,11/01/2020,11/30/2020,By Month,2020,11,United States,-1,19.5,30,808,29,12,0,47,8
12/08/2021,11/01/2020,11/30/2020,By Month,2020,11,United States,1,19.5,30,2191,30,11,0,49,9
12/08/2021,11/01/2020,11/30/2020,By Month,2020,11,United States,-1,23.5,67,1423,65,29,0,103,10
12/08/2021,11/01/2020,11/30/2020,By Month,2020,11,United States,1,23.5,83,3807,74,33,0,124,11
12/08/2021,11/01/2020,11/30/2020,By Month,2020,11,United States,-1,29.5,119,1821,115,57,1,177,12
12/08/2021,11/01/2020,11/30/2020,By Month,2020,11,United States,-1,64.5,163,2468,168,79,1,252,13
12/08/2021,11/01/2020,11/30/2020,By Month,2020,11,United States,1,29.5,167,4361,153,69,0,251,14
12/08/2021,11/01/2020,11/30/2020,By Month,2020,11,United States,-1,39.5,243,3097,217,108,1,353,15
12/08/2021,11/01/2020,11/30/2020,By Month,2020,11,United States,1,64.5,295,5169,245,131,1,409,16
12/08/2021,11/01/2020,11/30/2020,By Month,2020,11,United States,-1,44.5,412,4125,375,201,1,587,17
12/08/2021,11/01/2020,11/30/2020,By Month,2020,11,United States,1,39.5,470,5853,366,217,1,619,18
12/08/2021,11/01/2020,11/30/2020,By Month,2020,11,United States,-1,49.5,686,6088,643,358,1,971,19
12/08/2021,11/01/2020,11/30/2020,By Month,2020,11,United States,1,44.5,778,7091,592,369,1,1001,20
12/08/2021,11/01/2020,11/30/2020,By Month,2020,11,United States,1,49.5,1283,9969,992,653,3,1624,21
12/08/2021,11/01/2020,11/30/2020,By Month,2020,11,United States,-1,59.5,2016,14496,1740,1072,4,2687,22
12/08/2021,11/01/2020,11/30/2020,By Month,2020,11,United States,-1,57,2448,18162,2132,1297,5,3286,23
12/08/2021,11/01/2020,11/30/2020,By Month,2020,11,United States,1,59.5,3418,23254,2701,1760,12,4368,24
12/08/2021,11/01/2020,11/30/2020,By Month,2020,11,United States,-1,69.5,4193,25249,3375,2170,10,5403,25
12/08/2021,11/01/2020,11/30/2020,By Month,2020,11,United States,1,57,4208,29234,3328,2177,14,5370,26
12/08/2021,11/01/2020,11/30/2020,By Month,2020,11,United States,-1,79.5,6655,35547,4696,3153,9,8202,27
12/08/2021,11/01/2020,11/30/2020,By Month,2020,11,United States,1,69.5,6828,35543,5506,3769,22,8576,28
12/08/2021,11/01/2020,11/30/2020,By Month,2020,11,United States,1,85,8001,37040,5451,3637,8,9820,29
12/08/2021,11/01/2020,11/30/2020,By Month,2020,11,United States,1,79.5,9026,39706,6668,4699,16,11006,30
12/08/2021,11/01/2020,11/30/2020,By Month,2020,11,United States,-1,85,10037,55029,5552,3527,14,12071,31
12/08/2021,11/01/2021,11/30/2021,By Month,2021,23,United States,-1,0.5,1,345,2,0,0,3,0
12/08/2021,11/01/2021,11/30/2021,By Month,2021,23,United States,-1,2.5,1,66,2,1,0,2,1
12/08/2021,11/01/2021,11/30/2021,By Month,2021,23,United States,1,2.5,1,90,3,1,0,3,2
12/08/2021,11/01/2021,11/30/2021,By Month,2021,23,United States,-1,9.5,2,103,7,1,0,8,3
12/08/2021,11/01/2021,11/30/2021,By Month,2021,23,United States,1,0.5,2,415,3,0,0,5,4
12/08/2021,11/01/2021,11/30/2021,By Month,2021,23,United States,1,9.5,3,146,5,1,0,7,5
12/08/2021,11/01/2021,11/30/2021,By Month,2021,23,United States,-1,8.5,8,599,16,5,0,19,6
12/08/2021,11/01/2021,11/30/2021,By Month,2021,23,United States,1,8.5,12,854,18,5,0,25,7
12/08/2021,11/01/2021,11/30/2021,By Month,2021,23,United States,-1,19.5,31,463,25,18,0,38,8
12/08/2021,11/01/2021,11/30/2021,By Month,2021,23,United States,1,19.5,42,1294,38,22,1,59,9
12/08/2021,11/01/2021,11/30/2021,By Month,2021,23,United States,-1,23.5,60,853,38,27,0,71,10
12/08/2021,11/01/2021,11/30/2021,By Month,2021,23,United States,1,23.5,107,2254,79,57,1,130,11
12/08/2021,11/01/2021,11/30/2021,By Month,2021,23,United States,-1,29.5,111,1187,76,55,0,132,12
12/08/2021,11/01/2021,11/30/2021,By Month,2021,23,United States,1,29.5,192,2749,136,102,1,227,13
12/08/2021,11/01/2021,11/30/2021,By Month,2021,23,United States,-1,64.5,201,1618,153,117,1,238,14
12/08/2021,11/01/2021,11/30/2021,By Month,2021,23,United States,-1,39.5,327,2123,266,210,1,384,15
12/08/2021,11/01/2021,11/30/2021,By Month,2021,23,United States,1,64.5,340,3510,235,193,2,384,16
12/08/2021,11/01/2021,11/30/2021,By Month,2021,23,United States,-1,44.5,488,2848,398,317,2,571,17
12/08/2021,11/01/2021,11/30/2021,By Month,2021,23,United States,1,39.5,535,4122,363,316,2,583,18
12/08/2021,11/01/2021,11/30/2021,By Month,2021,23,United States,-1,49.5,691,4147,544,413,2,824,19
12/08/2021,11/01/2021,11/30/2021,By Month,2021,23,United States,1,44.5,772,4882,563,470,2,865,20
12/08/2021,11/01/2021,11/30/2021,By Month,2021,23,United States,1,49.5,1209,6887,943,747,4,1407,21
12/08/2021,11/01/2021,11/30/2021,By Month,2021,23,United States,-1,59.5,1466,10041,1364,914,4,1918,22
12/08/2021,11/01/2021,11/30/2021,By Month,2021,23,United States,-1,57,1873,12557,1681,1146,4,2410,23
12/08/2021,11/01/2021,11/30/2021,By Month,2021,23,United States,1,85,2167,23785,2430,1117,2,3482,24
12/08/2021,11/01/2021,11/30/2021,By Month,2021,23,United States,-1,79.5,2203,24300,2399,1251,5,3356,25
12/08/2021,11/01/2021,11/30/2021,By Month,2021,23,United States,-1,69.5,2269,17267,2188,1394,2,3065,26
12/08/2021,11/01/2021,11/30/2021,By Month,2021,23,United States,1,59.5,2412,15513,2089,1504,3,2999,27
12/08/2021,11/01/2021,11/30/2021,By Month,2021,23,United States,-1,85,2466,35680,2524,1100,4,3893,28
12/08/2021,11/01/2021,11/30/2021,By Month,2021,23,United States,1,79.5,3017,26210,3250,1781,3,4489,29
12/08/2021,11/01/2021,11/30/2021,By Month,2021,23,United States,1,69.5,3105,23322,3040,1916,7,4234,30
12/08/2021,11/01/2021,11/30/2021,By Month,2021,23,United States,1,57,3165,19716,2685,1968,6,3886,31
12/08/2021,12/01/2020,12/31/2020,By Month,2020,12,United States,-1,2.5,2,114,4,1,0,5,0
12/08/2021,12/01/2020,12/31/2020,By Month,2020,12,United States,-1,0.5,4,668,4,0,0,8,1
12/08/2021,12/01/2020,12/31/2020,By Month,2020,12,United States,1,2.5,4,141,4,1,1,8,2
12/08/2021,12/01/2020,12/31/2020,By Month,2020,12,United States,1,9.5,4,243,5,1,0,8,3
12/08/2021,12/01/2020,12/31/2020,By Month,2020,12,United States,-1,9.5,6,189,9,2,0,13,4
12/08/2021,12/01/2020,12/31/2020,By Month,2020,12,United States,1,0.5,6,870,8,2,0,12,5
12/08/2021,12/01/2020,12/31/2020,By Month,2020,12,United States,-1,8.5,15,1080,21,4,0,32,6
12/08/2021,12/01/2020,12/31/2020,By Month,2020,12,United States,1,8.5,18,1593,21,6,1,34,7
12/08/2021,12/01/2020,12/31/2020,By Month,2020,12,United States,-1,19.5,37,760,35,18,0,54,8
12/08/2021,12/01/2020,12/31/2020,By Month,2020,12,United States,1,19.5,78,2268,57,37,1,98,9
12/08/2021,12/01/2020,12/31/2020,By Month,2020,12,United States,-1,23.5,98,1446,85,51,0,132,10
12/08/2021,12/01/2020,12/31/2020,By Month,2020,12,United States,1,23.5,176,3963,137,78,1,235,11
12/08/2021,12/01/2020,12/31/2020,By Month,2020,12,United States,-1,29.5,191,1931,138,86,1,244,12
12/08/2021,12/01/2020,12/31/2020,By Month,2020,12,United States,1,29.5,302,4555,207,120,1,389,13
12/08/2021,12/01/2020,12/31/2020,By Month,2020,12,United States,-1,64.5,314,2617,222,129,2,408,14
12/08/2021,12/01/2020,12/31/2020,By Month,2020,12,United States,-1,39.5,503,3476,366,228,1,641,15
12/08/2021,12/01/2020,12/31/2020,By Month,2020,12,United States,1,64.5,519,5383,331,225,3,625,16
12/08/2021,12/01/2020,12/31/2020,By Month,2020,12,United States,1,39.5,852,6344,563,410,3,1005,17
12/08/2021,12/01/2020,12/31/2020,By Month,2020,12,United States,-1,44.5,895,4805,657,476,0,1076,18
12/08/2021,12/01/2020,12/31/2020,By Month,2020,12,United States,-1,49.5,1385,7137,1039,742,1,1682,19
12/08/2021,12/01/2020,12/31/2020,By Month,2020,12,United States,1,44.5,1527,8266,1010,766,2,1772,20
12/08/2021,12/01/2020,12/31/2020,By Month,2020,12,United States,1,49.5,2660,12112,1800,1406,3,3055,21
12/08/2021,12/01/2020,12/31/2020,By Month,2020,12,United States,-1,59.5,3791,17289,2846,2091,3,4546,22
12/08/2021,12/01/2020,12/31/2020,By Month,2020,12,United States,-1,57,4597,21616,3456,2508,4,5545,23
12/08/2021,12/01/2020,12/31/2020,By Month,2020,12,United States,1,59.5,6731,28440,4690,3607,19,7825,24
12/08/2021,12/01/2020,12/31/2020,By Month,2020,12,United States,-1,69.5,7946,30602,5644,4279,12,9319,25
12/08/2021,12/01/2020,12/31/2020,By Month,2020,12,United States,1,57,8397,35768,5835,4509,21,9734,26
12/08/2021,12/01/2020,12/31/2020,By Month,2020,12,United States,-1,79.5,12150,43337,7605,5881,20,13886,27
12/08/2021,12/01/2020,12/31/2020,By Month,2020,12,United States,1,69.5,12657,43611,8999,7120,25,14546,28
12/08/2021,12/01/2020,12/31/2020,By Month,2020,12,United States,1,85,14145,45730,8719,6628,15,16244,29
12/08/2021,12/01/2020,12/31/2020,By Month,2020,12,United States,1,79.5,15987,49558,10992,8782,33,18213,30
12/08/2021,12/01/2020,12/31/2020,By Month,2020,12,United States,-1,85,18664,67529,9145,6847,17,20970,31
12/08/2021,12/01/2021,12/04/2021,By Month,2021,24,United States,-1,0.5,0,5,0,0,0,0,0
12/08/2021,12/01/2021,12/04/2021,By Month,2021,24,United States,-1,2.5,0,0,0,0,0,0,1
12/08/2021,12/01/2021,12/04/2021,By Month,2021,24,United States,-1,8.5,0,6,0,0,0,0,2
12/08/2021,12/01/2021,12/04/2021,By Month,2021,24,United States,-1,9.5,0,0,0,0,0,0,3
12/08/2021,12/01/2021,12/04/2021,By Month,2021,24,United States,-1,19.5,0,4,0,0,0,0,4
12/08/2021,12/01/2021,12/04/2021,By Month,2021,24,United States,-1,23.5,0,9,0,0,0,0,5
12/08/2021,12/01/2021,12/04/2021,By Month,2021,24,United States,1,0.5,0,2,0,0,0,0,6
12/08/2021,12/01/2021,12/04/2021,By Month,2021,24,United States,1,2.5,0,1,0,0,0,0,7
12/08/2021,12/01/2021,12/04/2021,By Month,2021,24,United States,1,9.5,0,0,0,0,0,0,8
12/08/2021,12/01/2021,12/04/2021,By Month,2021,24,United States,1,23.5,0,20,0,0,0,0,9
12/08/2021,12/01/2021,12/04/2021,By Month,2021,24,United States,1,8.5,1,6,0,0,0,1,10
12/08/2021,12/01/2021,12/04/2021,By Month,2021,24,United States,1,19.5,1,13,0,0,0,1,11
12/08/2021,12/01/2021,12/04/2021,By Month,2021,24,United States,1,29.5,2,31,2,2,0,2,12
12/08/2021,12/01/2021,12/04/2021,By Month,2021,24,United States,-1,29.5,3,16,2,2,0,3,13
12/08/2021,12/01/2021,12/04/2021,By Month,2021,24,United States,-1,39.5,6,30,5,4,0,7,14
12/08/2021,12/01/2021,12/04/2021,By Month,2021,24,United States,1,64.5,6,47,3,3,0,6,15
12/08/2021,12/01/2021,12/04/2021,By Month,2021,24,United States,-1,64.5,7,24,5,5,0,7,16
12/08/2021,12/01/2021,12/04/2021,By Month,2021,24,United States,-1,44.5,8,40,7,5,0,10,17
12/08/2021,12/01/2021,12/04/2021,By Month,2021,24,United States,1,39.5,9,65,6,5,0,10,18
12/08/2021,12/01/2021,12/04/2021,By Month,2021,24,United States,-1,49.5,14,73,16,11,0,19,19
12/08/2021,12/01/2021,12/04/2021,By Month,2021,24,United States,1,44.5,17,83,11,10,0,18,20
12/08/2021,12/01/2021,12/04/2021,By Month,2021,24,United States,1,49.5,28,115,16,15,0,29,21
12/08/2021,12/01/2021,12/04/2021,By Month,2021,24,United States,-1,59.5,36,190,25,18,0,43,22
12/08/2021,12/01/2021,12/04/2021,By Month,2021,24,United States,-1,57,44,239,36,25,0,55,23
12/08/2021,12/01/2021,12/04/2021,By Month,2021,24,United States,-1,69.5,50,348,49,29,0,70,24
12/08/2021,12/01/2021,12/04/2021,By Month,2021,24,United States,1,59.5,52,294,39,27,0,64,25
12/08/2021,12/01/2021,12/04/2021,By Month,2021,24,United States,-1,79.5,62,533,41,29,2,76,26
12/08/2021,12/01/2021,12/04/2021,By Month,2021,24,United States,1,57,68,365,49,36,0,81,27
12/08/2021,12/01/2021,12/04/2021,By Month,2021,24,United States,1,85,69,554,83,37,0,115,28
12/08/2021,12/01/2021,12/04/2021,By Month,2021,24,United States,-1,85,73,969,95,34,1,135,29
12/08/2021,12/01/2021,12/04/2021,By Month,2021,24,United States,1,79.5,76,600,75,37,0,114,30
12/08/2021,12/01/2021,12/04/2021,By Month,2021,24,United States,1,69.5,88,480,68,50,0,106,31
